campaign_name,ad_group,page_id,final_url,keyword,match_type,volume_mid,class,expected_intent_note,tracking_slot,suggested_start_bid,headline_seed_1,headline_seed_2,headline_seed_3
RC-p003-BOOK,p003--deals,p003,/en/go/lines/royal-caribbean/,royal caribbean cruise deals,exact,246000,BOOK-NOW,Brand-committed shopper; call must surface current sailings and price one,fwd-RC-p003-BOOK,0.45,Royal Caribbean Cruise Deals,Current Sailings And Dates,Call A Cruise Specialist
RC-p003-BOOK,p003--deals,p003,/en/go/lines/royal-caribbean/,royal caribbean cruise deals,"phrase (discovery, negatives applied)",246000,BOOK-NOW,Brand-committed shopper; call must surface current sailings and price one,fwd-RC-p003-BOOK,0.45,Royal Caribbean Cruise Deals,Current Sailings And Dates,Call A Cruise Specialist
RC-p003-BOOK,p003--deals,p003,/en/go/lines/royal-caribbean/,last minute cruise deals royal caribbean,exact,9900,BOOK-NOW,Brand-committed shopper; call must surface current sailings and price one,fwd-RC-p003-BOOK,0.33,Royal Caribbean Cruise Deals,Current Sailings And Dates,Call A Cruise Specialist
RC-p003-BOOK,p003--deals,p003,/en/go/lines/royal-caribbean/,royal caribbean deals,exact,2400,BOOK-NOW,Brand-committed shopper; call must surface current sailings and price one,fwd-RC-p003-BOOK,0.55,Royal Caribbean Cruise Deals,Current Sailings And Dates,Call A Cruise Specialist
RC-p003-BOOK,p003--deals,p003,/en/go/lines/royal-caribbean/,royal caribbean last minute deals,exact,1900,BOOK-NOW,Brand-committed shopper; call must surface current sailings and price one,fwd-RC-p003-BOOK,0.28,Royal Caribbean Cruise Deals,Current Sailings And Dates,Call A Cruise Specialist
RC-p003-BOOK,p003--deals,p003,/en/go/lines/royal-caribbean/,royal caribbean discounts,exact,1000,BOOK-NOW,Brand-committed shopper; call must surface current sailings and price one,fwd-RC-p003-BOOK,1.07,Royal Caribbean Cruise Deals,Current Sailings And Dates,Call A Cruise Specialist
RC-p003-BOOK,p003--deals,p003,/en/go/lines/royal-caribbean/,royal caribbean cruise discounts,exact,590,BOOK-NOW,Brand-committed shopper; call must surface current sailings and price one,fwd-RC-p003-BOOK,1.18,Royal Caribbean Cruise Deals,Current Sailings And Dates,Call A Cruise Specialist
RC-p003-BOOK,p003--deals,p003,/en/go/lines/royal-caribbean/,royal caribbean first responder discount,exact,320,BOOK-NOW,Brand-committed shopper; call must surface current sailings and price one,fwd-RC-p003-BOOK,1.04,Royal Caribbean Cruise Deals,Current Sailings And Dates,Call A Cruise Specialist
RC-p003-BOOK,p003--deals,p003,/en/go/lines/royal-caribbean/,royal caribbean flash sale,exact,210,BOOK-NOW,Brand-committed shopper; call must surface current sailings and price one,fwd-RC-p003-BOOK,0.49,Royal Caribbean Cruise Deals,Current Sailings And Dates,Call A Cruise Specialist
RC-p003-BOOK,p003--deals,p003,/en/go/lines/royal-caribbean/,aaa cruise discounts royal caribbean,exact,170,BOOK-NOW,Brand-committed shopper; call must surface current sailings and price one,fwd-RC-p003-BOOK,1.43,Royal Caribbean Cruise Deals,Current Sailings And Dates,Call A Cruise Specialist
RC-npq-rci-booking-help-CALL,npq-rci-booking-help--phone,npq-rci-booking-help,/en/go/lines/royal-caribbean/booking-help/,royal caribbean phone number,exact,33100,CALL-INTENT,"Wants a human on the phone; disclose independent service upfront, close on booking help",fwd-RC-npq-rci-booking-help-CALL,1.26,Cruise Booking Help By Phone,Independent Cruise Experts,Talk To A Cruise Agent Now
RC-npq-rci-booking-help-CALL,npq-rci-booking-help--phone,npq-rci-booking-help,/en/go/lines/royal-caribbean/booking-help/,royal caribbean phone number,"phrase (discovery, negatives applied)",33100,CALL-INTENT,"Wants a human on the phone; disclose independent service upfront, close on booking help",fwd-RC-npq-rci-booking-help-CALL,1.26,Cruise Booking Help By Phone,Independent Cruise Experts,Talk To A Cruise Agent Now
RC-npq-rci-booking-help-CALL,npq-rci-booking-help--phone,npq-rci-booking-help,/en/go/lines/royal-caribbean/booking-help/,phone number for royal caribbean cruises,exact,4400,CALL-INTENT,"Wants a human on the phone; disclose independent service upfront, close on booking help",fwd-RC-npq-rci-booking-help-CALL,2.50,Cruise Booking Help By Phone,Independent Cruise Experts,Talk To A Cruise Agent Now
RC-npq-rci-booking-help-CALL,npq-rci-booking-help--phone,npq-rci-booking-help,/en/go/lines/royal-caribbean/booking-help/,call royal caribbean,exact,2900,CALL-INTENT,"Wants a human on the phone; disclose independent service upfront, close on booking help",fwd-RC-npq-rci-booking-help-CALL,0.42,Cruise Booking Help By Phone,Independent Cruise Experts,Talk To A Cruise Agent Now
RC-npq-rci-booking-help-CALL,npq-rci-booking-help--phone,npq-rci-booking-help,/en/go/lines/royal-caribbean/booking-help/,call royal caribbean cruise line,exact,2400,CALL-INTENT,"Wants a human on the phone; disclose independent service upfront, close on booking help",fwd-RC-npq-rci-booking-help-CALL,0.45,Cruise Booking Help By Phone,Independent Cruise Experts,Talk To A Cruise Agent Now
RC-npq-rci-booking-help-CALL,npq-rci-booking-help--phone,npq-rci-booking-help,/en/go/lines/royal-caribbean/booking-help/,royal caribbean booking phone number,exact,1900,CALL-INTENT,"Wants a human on the phone; disclose independent service upfront, close on booking help",fwd-RC-npq-rci-booking-help-CALL,2.03,Cruise Booking Help By Phone,Independent Cruise Experts,Talk To A Cruise Agent Now
RC-npq-rci-booking-help-CALL,npq-rci-booking-help--phone,npq-rci-booking-help,/en/go/lines/royal-caribbean/booking-help/,royal caribbean phone,exact,1300,CALL-INTENT,"Wants a human on the phone; disclose independent service upfront, close on booking help",fwd-RC-npq-rci-booking-help-CALL,0.45,Cruise Booking Help By Phone,Independent Cruise Experts,Talk To A Cruise Agent Now
RC-npq-rci-booking-help-CALL,npq-rci-booking-help--phone,npq-rci-booking-help,/en/go/lines/royal-caribbean/booking-help/,royal caribbean group phone number,exact,390,CALL-INTENT,"Wants a human on the phone; disclose independent service upfront, close on booking help",fwd-RC-npq-rci-booking-help-CALL,2.50,Cruise Booking Help By Phone,Independent Cruise Experts,Talk To A Cruise Agent Now
RC-npq-rci-booking-help-CALL,npq-rci-booking-help--phone,npq-rci-booking-help,/en/go/lines/royal-caribbean/booking-help/,royal caribbean cruises phone,exact,170,CALL-INTENT,"Wants a human on the phone; disclose independent service upfront, close on booking help",fwd-RC-npq-rci-booking-help-CALL,0.41,Cruise Booking Help By Phone,Independent Cruise Experts,Talk To A Cruise Agent Now
RC-npq-rci-booking-help-CALL,npq-rci-booking-help--phone,npq-rci-booking-help,/en/go/lines/royal-caribbean/booking-help/,phone number to royal caribbean,exact,140,CALL-INTENT,"Wants a human on the phone; disclose independent service upfront, close on booking help",fwd-RC-npq-rci-booking-help-CALL,2.50,Cruise Booking Help By Phone,Independent Cruise Experts,Talk To A Cruise Agent Now
RC-npq-rci-booking-help-CALL,npq-rci-booking-help--phone,npq-rci-booking-help,/en/go/lines/royal-caribbean/booking-help/,royalcaribbean com phone number,exact,110,CALL-INTENT,"Wants a human on the phone; disclose independent service upfront, close on booking help",fwd-RC-npq-rci-booking-help-CALL,2.50,Cruise Booking Help By Phone,Independent Cruise Experts,Talk To A Cruise Agent Now
RC-npq-rci-dest-alaska-BOOK,npq-rci-dest-alaska--core,npq-rci-dest-alaska,/en/go/lines/royal-caribbean/to/alaska/,royal caribbean alaska cruise,exact,22200,BOOK-NOW,"Knows line and destination; call must narrow port, dates and cabin",fwd-RC-npq-rci-dest-alaska-BOOK,0.20,Royal Caribbean Alaska Cruises,Compare Sailings And Dates,Call A Cruise Planning Expert
RC-npq-rci-dest-alaska-BOOK,npq-rci-dest-alaska--core,npq-rci-dest-alaska,/en/go/lines/royal-caribbean/to/alaska/,royal caribbean alaska cruise,"phrase (discovery, negatives applied)",22200,BOOK-NOW,"Knows line and destination; call must narrow port, dates and cabin",fwd-RC-npq-rci-dest-alaska-BOOK,0.20,Royal Caribbean Alaska Cruises,Compare Sailings And Dates,Call A Cruise Planning Expert
RC-npq-rci-dest-alaska-BOOK,npq-rci-dest-alaska--core,npq-rci-dest-alaska,/en/go/lines/royal-caribbean/to/alaska/,royal caribbean alaskan cruise,exact,3600,BOOK-NOW,"Knows line and destination; call must narrow port, dates and cabin",fwd-RC-npq-rci-dest-alaska-BOOK,0.20,Royal Caribbean Alaska Cruises,Compare Sailings And Dates,Call A Cruise Planning Expert
RC-npq-rci-dest-alaska-BOOK,npq-rci-dest-alaska--core,npq-rci-dest-alaska,/en/go/lines/royal-caribbean/to/alaska/,royal caribbean alaska,exact,1900,BOOK-NOW,"Knows line and destination; call must narrow port, dates and cabin",fwd-RC-npq-rci-dest-alaska-BOOK,0.20,Royal Caribbean Alaska Cruises,Compare Sailings And Dates,Call A Cruise Planning Expert
RC-npq-rci-dest-alaska-BOOK,npq-rci-dest-alaska--core,npq-rci-dest-alaska,/en/go/lines/royal-caribbean/to/alaska/,royal caribbean cruise to alaska,exact,1300,BOOK-NOW,"Knows line and destination; call must narrow port, dates and cabin",fwd-RC-npq-rci-dest-alaska-BOOK,0.20,Royal Caribbean Alaska Cruises,Compare Sailings And Dates,Call A Cruise Planning Expert
RC-npq-rci-dest-alaska-BOOK,npq-rci-dest-alaska--core,npq-rci-dest-alaska,/en/go/lines/royal-caribbean/to/alaska/,royal caribbean alaska cruise tours,exact,260,BOOK-NOW,"Knows line and destination; call must narrow port, dates and cabin",fwd-RC-npq-rci-dest-alaska-BOOK,0.24,Royal Caribbean Alaska Cruises,Compare Sailings And Dates,Call A Cruise Planning Expert
RC-npq-rci-family-BOOK,npq-rci-family--family,npq-rci-family,/en/go/lines/royal-caribbean/family-cruises/,royal caribbean family cruise,exact,22200,BOOK-NOW,"Family planning a cruise; call must match kid-friendly ship, dates, quad cabin",fwd-RC-npq-rci-family-BOOK,0.22,Royal Caribbean Family Trips,Kid Friendly Ships And Dates,Call A Family Cruise Planner
RC-npq-rci-family-BOOK,npq-rci-family--family,npq-rci-family,/en/go/lines/royal-caribbean/family-cruises/,royal caribbean family cruise,"phrase (discovery, negatives applied)",22200,BOOK-NOW,"Family planning a cruise; call must match kid-friendly ship, dates, quad cabin",fwd-RC-npq-rci-family-BOOK,0.22,Royal Caribbean Family Trips,Kid Friendly Ships And Dates,Call A Family Cruise Planner
RC-npq-rci-family-BOOK,npq-rci-family--family,npq-rci-family,/en/go/lines/royal-caribbean/family-cruises/,royal caribbean family suite,exact,1000,BOOK-NOW,"Family planning a cruise; call must match kid-friendly ship, dates, quad cabin",fwd-RC-npq-rci-family-BOOK,0.20,Royal Caribbean Family Trips,Kid Friendly Ships And Dates,Call A Family Cruise Planner
RC-npq-rci-family-BOOK,npq-rci-family--family,npq-rci-family,/en/go/lines/royal-caribbean/family-cruises/,royal caribbean ultimate family suite,exact,880,BOOK-NOW,"Family planning a cruise; call must match kid-friendly ship, dates, quad cabin",fwd-RC-npq-rci-family-BOOK,0.20,Royal Caribbean Family Trips,Kid Friendly Ships And Dates,Call A Family Cruise Planner
RC-npq-rci-family-BOOK,npq-rci-family--family,npq-rci-family,/en/go/lines/royal-caribbean/family-cruises/,royal caribbean family suite cost,exact,260,BOOK-NOW,"Family planning a cruise; call must match kid-friendly ship, dates, quad cabin",fwd-RC-npq-rci-family-BOOK,0.20,Royal Caribbean Family Trips,Kid Friendly Ships And Dates,Call A Family Cruise Planner
RC-npq-rci-family-BOOK,npq-rci-family--family,npq-rci-family,/en/go/lines/royal-caribbean/family-cruises/,royal caribbean cruise for family of 5,exact,260,BOOK-NOW,"Family planning a cruise; call must match kid-friendly ship, dates, quad cabin",fwd-RC-npq-rci-family-BOOK,0.27,Royal Caribbean Family Trips,Kid Friendly Ships And Dates,Call A Family Cruise Planner
RC-npq-rci-family-BOOK,npq-rci-family--family,npq-rci-family,/en/go/lines/royal-caribbean/family-cruises/,royal caribbean family cruise deals,exact,170,BOOK-NOW,"Family planning a cruise; call must match kid-friendly ship, dates, quad cabin",fwd-RC-npq-rci-family-BOOK,0.20,Royal Caribbean Family Trips,Kid Friendly Ships And Dates,Call A Family Cruise Planner
RC-npq-rci-family-BOOK,npq-rci-family--family,npq-rci-family,/en/go/lines/royal-caribbean/family-cruises/,family cabin royal caribbean,exact,170,BOOK-NOW,"Family planning a cruise; call must match kid-friendly ship, dates, quad cabin",fwd-RC-npq-rci-family-BOOK,0.34,Royal Caribbean Family Trips,Kid Friendly Ships And Dates,Call A Family Cruise Planner
RC-npq-rci-family-BOOK,npq-rci-family--family,npq-rci-family,/en/go/lines/royal-caribbean/family-cruises/,royal caribbean family room,exact,110,BOOK-NOW,"Family planning a cruise; call must match kid-friendly ship, dates, quad cabin",fwd-RC-npq-rci-family-BOOK,0.20,Royal Caribbean Family Trips,Kid Friendly Ships And Dates,Call A Family Cruise Planner
RC-npq-rci-miami-BOOK,npq-rci-miami--core,npq-rci-miami,/en/go/lines/royal-caribbean/from/miami/,royal caribbean cruises from miami,exact,9900,BOOK-NOW,"Knows line and departure port; call must present sailings, dates and cabin pricing",fwd-RC-npq-rci-miami-BOOK,0.22,Royal Caribbean From Miami,Miami Sailings And Dates,Talk To A Cruise Specialist
RC-npq-rci-miami-BOOK,npq-rci-miami--core,npq-rci-miami,/en/go/lines/royal-caribbean/from/miami/,royal caribbean cruises from miami,"phrase (discovery, negatives applied)",9900,BOOK-NOW,"Knows line and departure port; call must present sailings, dates and cabin pricing",fwd-RC-npq-rci-miami-BOOK,0.22,Royal Caribbean From Miami,Miami Sailings And Dates,Talk To A Cruise Specialist
RC-npq-rci-miami-BOOK,npq-rci-miami--core,npq-rci-miami,/en/go/lines/royal-caribbean/from/miami/,royal caribbean miami port,exact,5400,BOOK-NOW,"Knows line and departure port; call must present sailings, dates and cabin pricing",fwd-RC-npq-rci-miami-BOOK,0.41,Royal Caribbean From Miami,Miami Sailings And Dates,Talk To A Cruise Specialist
RC-npq-rci-miami-BOOK,npq-rci-miami--core,npq-rci-miami,/en/go/lines/royal-caribbean/from/miami/,port for royal caribbean in miami,exact,1600,BOOK-NOW,"Knows line and departure port; call must present sailings, dates and cabin pricing",fwd-RC-npq-rci-miami-BOOK,0.62,Royal Caribbean From Miami,Miami Sailings And Dates,Talk To A Cruise Specialist
RC-npq-rci-miami-BOOK,npq-rci-miami--core,npq-rci-miami,/en/go/lines/royal-caribbean/from/miami/,royal caribbean cruise miami port,exact,1300,BOOK-NOW,"Knows line and departure port; call must present sailings, dates and cabin pricing",fwd-RC-npq-rci-miami-BOOK,0.32,Royal Caribbean From Miami,Miami Sailings And Dates,Talk To A Cruise Specialist
RC-npq-rci-miami-BOOK,npq-rci-miami--core,npq-rci-miami,/en/go/lines/royal-caribbean/from/miami/,royal caribbean cruise line miami,exact,1000,BOOK-NOW,"Knows line and departure port; call must present sailings, dates and cabin pricing",fwd-RC-npq-rci-miami-BOOK,0.23,Royal Caribbean From Miami,Miami Sailings And Dates,Talk To A Cruise Specialist
RC-npq-rci-miami-BOOK,npq-rci-miami--core,npq-rci-miami,/en/go/lines/royal-caribbean/from/miami/,miami cruise port for royal caribbean,exact,260,BOOK-NOW,"Knows line and departure port; call must present sailings, dates and cabin pricing",fwd-RC-npq-rci-miami-BOOK,0.28,Royal Caribbean From Miami,Miami Sailings And Dates,Talk To A Cruise Specialist
RC-npq-rci-miami-BOOK,npq-rci-miami--core,npq-rci-miami,/en/go/lines/royal-caribbean/from/miami/,royal caribbean ships from miami,exact,170,BOOK-NOW,"Knows line and departure port; call must present sailings, dates and cabin pricing",fwd-RC-npq-rci-miami-BOOK,0.20,Royal Caribbean From Miami,Miami Sailings And Dates,Talk To A Cruise Specialist
RC-npq-rci-port-canaveral-BOOK,npq-rci-port-canaveral--core,npq-rci-port-canaveral,/en/go/lines/royal-caribbean/from/port-canaveral/,royal caribbean port canaveral,exact,12100,BOOK-NOW,"Knows line and departure port; call must present sailings, dates and cabin pricing",fwd-RC-npq-rci-port-canaveral-BOOK,0.20,Royal Caribbean Port Canaveral,Sailings And Departure Dates,Talk To A Cruise Specialist
RC-npq-rci-port-canaveral-BOOK,npq-rci-port-canaveral--core,npq-rci-port-canaveral,/en/go/lines/royal-caribbean/from/port-canaveral/,royal caribbean port canaveral,"phrase (discovery, negatives applied)",12100,BOOK-NOW,"Knows line and departure port; call must present sailings, dates and cabin pricing",fwd-RC-npq-rci-port-canaveral-BOOK,0.20,Royal Caribbean Port Canaveral,Sailings And Departure Dates,Talk To A Cruise Specialist
RC-npq-rci-port-canaveral-BOOK,npq-rci-port-canaveral--core,npq-rci-port-canaveral,/en/go/lines/royal-caribbean/from/port-canaveral/,royal caribbean cruises from port canaveral,exact,6600,BOOK-NOW,"Knows line and departure port; call must present sailings, dates and cabin pricing",fwd-RC-npq-rci-port-canaveral-BOOK,0.20,Royal Caribbean Port Canaveral,Sailings And Departure Dates,Talk To A Cruise Specialist
RC-npq-rci-port-canaveral-BOOK,npq-rci-port-canaveral--core,npq-rci-port-canaveral,/en/go/lines/royal-caribbean/from/port-canaveral/,royal caribbean out of port canaveral,exact,170,BOOK-NOW,"Knows line and departure port; call must present sailings, dates and cabin pricing",fwd-RC-npq-rci-port-canaveral-BOOK,0.20,Royal Caribbean Port Canaveral,Sailings And Departure Dates,Talk To A Cruise Specialist
RC-npq-rci-dest-bahamas-BOOK,npq-rci-dest-bahamas--core,npq-rci-dest-bahamas,/en/go/lines/royal-caribbean/to/bahamas/,royal caribbean bahamas cruise,exact,9900,BOOK-NOW,"Knows line and destination; call must narrow port, dates and cabin",fwd-RC-npq-rci-dest-bahamas-BOOK,0.21,Bahamas Sailings,Compare Sailings And Dates,Call A Cruise Planning Expert
RC-npq-rci-dest-bahamas-BOOK,npq-rci-dest-bahamas--core,npq-rci-dest-bahamas,/en/go/lines/royal-caribbean/to/bahamas/,royal caribbean bahamas cruise,"phrase (discovery, negatives applied)",9900,BOOK-NOW,"Knows line and destination; call must narrow port, dates and cabin",fwd-RC-npq-rci-dest-bahamas-BOOK,0.21,Bahamas Sailings,Compare Sailings And Dates,Call A Cruise Planning Expert
RC-npq-rci-dest-bahamas-BOOK,npq-rci-dest-bahamas--core,npq-rci-dest-bahamas,/en/go/lines/royal-caribbean/to/bahamas/,royal caribbean cruise to bahamas,exact,5400,BOOK-NOW,"Knows line and destination; call must narrow port, dates and cabin",fwd-RC-npq-rci-dest-bahamas-BOOK,0.20,Bahamas Sailings,Compare Sailings And Dates,Call A Cruise Planning Expert
RC-npq-rci-dest-bahamas-BOOK,npq-rci-dest-bahamas--core,npq-rci-dest-bahamas,/en/go/lines/royal-caribbean/to/bahamas/,nassau bahamas royal caribbean port,exact,1300,BOOK-NOW,"Knows line and destination; call must narrow port, dates and cabin",fwd-RC-npq-rci-dest-bahamas-BOOK,0.48,Bahamas Sailings,Compare Sailings And Dates,Call A Cruise Planning Expert
RC-npq-rci-dest-bahamas-BOOK,npq-rci-dest-bahamas--core,npq-rci-dest-bahamas,/en/go/lines/royal-caribbean/to/bahamas/,royal caribbean bahamas,exact,1000,BOOK-NOW,"Knows line and destination; call must narrow port, dates and cabin",fwd-RC-npq-rci-dest-bahamas-BOOK,0.20,Bahamas Sailings,Compare Sailings And Dates,Call A Cruise Planning Expert
RC-npq-rci-dest-bahamas-BOOK,npq-rci-dest-bahamas--core,npq-rci-dest-bahamas,/en/go/lines/royal-caribbean/to/bahamas/,royal caribbean cruise nassau bahamas,exact,590,BOOK-NOW,"Knows line and destination; call must narrow port, dates and cabin",fwd-RC-npq-rci-dest-bahamas-BOOK,0.20,Bahamas Sailings,Compare Sailings And Dates,Call A Cruise Planning Expert
RC-npq-rci-dest-bahamas-BOOK,npq-rci-dest-bahamas--core,npq-rci-dest-bahamas,/en/go/lines/royal-caribbean/to/bahamas/,royal caribbean tours bahamas,exact,390,BOOK-NOW,"Knows line and destination; call must narrow port, dates and cabin",fwd-RC-npq-rci-dest-bahamas-BOOK,0.20,Bahamas Sailings,Compare Sailings And Dates,Call A Cruise Planning Expert
RC-p002-BOOK,p002--core,p002,/en/go/lines/royal-caribbean/from/galveston/,royal caribbean cruises from galveston,exact,9900,BOOK-NOW,"Knows line and departure port; call must present sailings, dates and cabin pricing",fwd-RC-p002-BOOK,0.22,Royal Caribbean From Galveston,Galveston Sailings And Dates,Talk To A Cruise Specialist
RC-p002-BOOK,p002--core,p002,/en/go/lines/royal-caribbean/from/galveston/,royal caribbean cruises from galveston,"phrase (discovery, negatives applied)",9900,BOOK-NOW,"Knows line and departure port; call must present sailings, dates and cabin pricing",fwd-RC-p002-BOOK,0.22,Royal Caribbean From Galveston,Galveston Sailings And Dates,Talk To A Cruise Specialist
RC-p002-BOOK,p002--core,p002,/en/go/lines/royal-caribbean/from/galveston/,royal caribbean galveston cruise port,exact,1900,BOOK-NOW,"Knows line and departure port; call must present sailings, dates and cabin pricing",fwd-RC-p002-BOOK,0.20,Royal Caribbean From Galveston,Galveston Sailings And Dates,Talk To A Cruise Specialist
RC-p002-BOOK,p002--core,p002,/en/go/lines/royal-caribbean/from/galveston/,royal caribbean out of galveston,exact,880,BOOK-NOW,"Knows line and departure port; call must present sailings, dates and cabin pricing",fwd-RC-p002-BOOK,0.20,Royal Caribbean From Galveston,Galveston Sailings And Dates,Talk To A Cruise Specialist
RC-p002-BOOK,p002--core,p002,/en/go/lines/royal-caribbean/from/galveston/,royal caribbean galveston schedule,exact,480,BOOK-NOW,"Knows line and departure port; call must present sailings, dates and cabin pricing",fwd-RC-p002-BOOK,0.23,Royal Caribbean From Galveston,Galveston Sailings And Dates,Talk To A Cruise Specialist
RC-p002-BOOK,p002--core,p002,/en/go/lines/royal-caribbean/from/galveston/,royal caribbean cruise port in galveston texas,exact,260,BOOK-NOW,"Knows line and departure port; call must present sailings, dates and cabin pricing",fwd-RC-p002-BOOK,0.20,Royal Caribbean From Galveston,Galveston Sailings And Dates,Talk To A Cruise Specialist
RC-npq-rci-fort-lauderdale-BOOK,npq-rci-fort-lauderdale--core,npq-rci-fort-lauderdale,/en/go/lines/royal-caribbean/from/fort-lauderdale/,royal caribbean cruises from fort lauderdale,exact,3600,BOOK-NOW,"Knows line and departure port; call must present sailings, dates and cabin pricing",fwd-RC-npq-rci-fort-lauderdale-BOOK,0.21,Royal Caribbean Ft Lauderdale,Sailings And Departure Dates,Talk To A Cruise Specialist
RC-npq-rci-fort-lauderdale-BOOK,npq-rci-fort-lauderdale--core,npq-rci-fort-lauderdale,/en/go/lines/royal-caribbean/from/fort-lauderdale/,royal caribbean cruises from fort lauderdale,"phrase (discovery, negatives applied)",3600,BOOK-NOW,"Knows line and departure port; call must present sailings, dates and cabin pricing",fwd-RC-npq-rci-fort-lauderdale-BOOK,0.21,Royal Caribbean Ft Lauderdale,Sailings And Departure Dates,Talk To A Cruise Specialist
RC-npq-rci-fort-lauderdale-BOOK,npq-rci-fort-lauderdale--core,npq-rci-fort-lauderdale,/en/go/lines/royal-caribbean/from/fort-lauderdale/,royal caribbean fort lauderdale port,exact,2900,BOOK-NOW,"Knows line and departure port; call must present sailings, dates and cabin pricing",fwd-RC-npq-rci-fort-lauderdale-BOOK,0.39,Royal Caribbean Ft Lauderdale,Sailings And Departure Dates,Talk To A Cruise Specialist
RC-npq-rci-fort-lauderdale-BOOK,npq-rci-fort-lauderdale--core,npq-rci-fort-lauderdale,/en/go/lines/royal-caribbean/from/fort-lauderdale/,fort lauderdale royal caribbean cruise port,exact,1900,BOOK-NOW,"Knows line and departure port; call must present sailings, dates and cabin pricing",fwd-RC-npq-rci-fort-lauderdale-BOOK,0.60,Royal Caribbean Ft Lauderdale,Sailings And Departure Dates,Talk To A Cruise Specialist
RC-npq-rci-fort-lauderdale-BOOK,npq-rci-fort-lauderdale--core,npq-rci-fort-lauderdale,/en/go/lines/royal-caribbean/from/fort-lauderdale/,royal caribbean fort lauderdale,exact,1000,BOOK-NOW,"Knows line and departure port; call must present sailings, dates and cabin pricing",fwd-RC-npq-rci-fort-lauderdale-BOOK,0.21,Royal Caribbean Ft Lauderdale,Sailings And Departure Dates,Talk To A Cruise Specialist
RC-npq-rci-fort-lauderdale-BOOK,npq-rci-fort-lauderdale--core,npq-rci-fort-lauderdale,/en/go/lines/royal-caribbean/from/fort-lauderdale/,fort lauderdale cruise port for royal caribbean,exact,720,BOOK-NOW,"Knows line and departure port; call must present sailings, dates and cabin pricing",fwd-RC-npq-rci-fort-lauderdale-BOOK,0.63,Royal Caribbean Ft Lauderdale,Sailings And Departure Dates,Talk To A Cruise Specialist
RC-npq-ship-oasis-of-the-seas-BOOK,npq-ship-oasis-of-the-seas--caribbean,npq-ship-oasis-of-the-seas,/en/go/ships/oasis-of-the-seas/,oasis of the seas caribbean cruise,exact,9900,BOOK-NOW,Knows the ship; call must present its itineraries and price dates,fwd-RC-npq-ship-oasis-of-the-seas-BOOK,0.20,Oasis Of The Seas Cruises,Check Oasis Sailing Dates,Talk To A Cruise Specialist
RC-npq-ship-oasis-of-the-seas-BOOK,npq-ship-oasis-of-the-seas--caribbean,npq-ship-oasis-of-the-seas,/en/go/ships/oasis-of-the-seas/,oasis of the seas caribbean cruise,"phrase (discovery, negatives applied)",9900,BOOK-NOW,Knows the ship; call must present its itineraries and price dates,fwd-RC-npq-ship-oasis-of-the-seas-BOOK,0.20,Oasis Of The Seas Cruises,Check Oasis Sailing Dates,Talk To A Cruise Specialist
RC-npq-rci-dest-mediterranean-BOOK,npq-rci-dest-mediterranean--core,npq-rci-dest-mediterranean,/en/go/lines/royal-caribbean/to/mediterranean/,royal caribbean mediterranean cruise,exact,8100,BOOK-NOW,"Knows line and destination; call must narrow port, dates and cabin",fwd-RC-npq-rci-dest-mediterranean-BOOK,0.20,Mediterranean Sailings,Compare Sailings And Dates,Call A Cruise Planning Expert
RC-npq-rci-dest-mediterranean-BOOK,npq-rci-dest-mediterranean--core,npq-rci-dest-mediterranean,/en/go/lines/royal-caribbean/to/mediterranean/,royal caribbean mediterranean cruise,"phrase (discovery, negatives applied)",8100,BOOK-NOW,"Knows line and destination; call must narrow port, dates and cabin",fwd-RC-npq-rci-dest-mediterranean-BOOK,0.20,Mediterranean Sailings,Compare Sailings And Dates,Call A Cruise Planning Expert
RC-npq-rci-dest-mediterranean-BOOK,npq-rci-dest-mediterranean--core,npq-rci-dest-mediterranean,/en/go/lines/royal-caribbean/to/mediterranean/,royal caribbean western mediterranean cruise,exact,590,BOOK-NOW,"Knows line and destination; call must narrow port, dates and cabin",fwd-RC-npq-rci-dest-mediterranean-BOOK,0.20,Mediterranean Sailings,Compare Sailings And Dates,Call A Cruise Planning Expert
RC-npq-rci-dest-mediterranean-BOOK,npq-rci-dest-mediterranean--core,npq-rci-dest-mediterranean,/en/go/lines/royal-caribbean/to/mediterranean/,eastern mediterranean cruise royal caribbean,exact,170,BOOK-NOW,"Knows line and destination; call must narrow port, dates and cabin",fwd-RC-npq-rci-dest-mediterranean-BOOK,0.20,Mediterranean Sailings,Compare Sailings And Dates,Call A Cruise Planning Expert
RC-npq-rci-tampa-BOOK,npq-rci-tampa--core,npq-rci-tampa,/en/go/lines/royal-caribbean/from/tampa/,royal caribbean cruises from tampa,exact,4400,BOOK-NOW,"Knows line and departure port; call must present sailings, dates and cabin pricing",fwd-RC-npq-rci-tampa-BOOK,0.21,Royal Caribbean From Tampa,Tampa Sailings And Dates,Talk To A Cruise Specialist
RC-npq-rci-tampa-BOOK,npq-rci-tampa--core,npq-rci-tampa,/en/go/lines/royal-caribbean/from/tampa/,royal caribbean cruises from tampa,"phrase (discovery, negatives applied)",4400,BOOK-NOW,"Knows line and departure port; call must present sailings, dates and cabin pricing",fwd-RC-npq-rci-tampa-BOOK,0.21,Royal Caribbean From Tampa,Tampa Sailings And Dates,Talk To A Cruise Specialist
RC-npq-rci-tampa-BOOK,npq-rci-tampa--core,npq-rci-tampa,/en/go/lines/royal-caribbean/from/tampa/,royal caribbean tampa,exact,1900,BOOK-NOW,"Knows line and departure port; call must present sailings, dates and cabin pricing",fwd-RC-npq-rci-tampa-BOOK,0.20,Royal Caribbean From Tampa,Tampa Sailings And Dates,Talk To A Cruise Specialist
RC-npq-rci-tampa-BOOK,npq-rci-tampa--core,npq-rci-tampa,/en/go/lines/royal-caribbean/from/tampa/,royal caribbean tampa port,exact,1300,BOOK-NOW,"Knows line and departure port; call must present sailings, dates and cabin pricing",fwd-RC-npq-rci-tampa-BOOK,0.33,Royal Caribbean From Tampa,Tampa Sailings And Dates,Talk To A Cruise Specialist
RC-npq-rci-tampa-BOOK,npq-rci-tampa--core,npq-rci-tampa,/en/go/lines/royal-caribbean/from/tampa/,tampa cruise port royal caribbean,exact,720,BOOK-NOW,"Knows line and departure port; call must present sailings, dates and cabin pricing",fwd-RC-npq-rci-tampa-BOOK,0.36,Royal Caribbean From Tampa,Tampa Sailings And Dates,Talk To A Cruise Specialist
RC-npq-rci-cape-liberty-BOOK,npq-rci-cape-liberty--core,npq-rci-cape-liberty,/en/go/lines/royal-caribbean/from/cape-liberty/,royal caribbean cruises from new york,exact,6600,BOOK-NOW,"Knows line and departure port; call must present sailings, dates and cabin pricing",fwd-RC-npq-rci-cape-liberty-BOOK,0.20,Royal Caribbean From New York,New York Sailings And Dates,Talk To A Cruise Specialist
RC-npq-rci-cape-liberty-BOOK,npq-rci-cape-liberty--core,npq-rci-cape-liberty,/en/go/lines/royal-caribbean/from/cape-liberty/,royal caribbean cruises from new york,"phrase (discovery, negatives applied)",6600,BOOK-NOW,"Knows line and departure port; call must present sailings, dates and cabin pricing",fwd-RC-npq-rci-cape-liberty-BOOK,0.20,Royal Caribbean From New York,New York Sailings And Dates,Talk To A Cruise Specialist
RC-npq-rci-cape-liberty-BOOK,npq-rci-cape-liberty--core,npq-rci-cape-liberty,/en/go/lines/royal-caribbean/from/cape-liberty/,royal caribbean cruises from cape liberty,exact,1000,BOOK-NOW,"Knows line and departure port; call must present sailings, dates and cabin pricing",fwd-RC-npq-rci-cape-liberty-BOOK,0.20,Royal Caribbean From New York,New York Sailings And Dates,Talk To A Cruise Specialist
RC-npq-rci-cape-liberty-BOOK,npq-rci-cape-liberty--core,npq-rci-cape-liberty,/en/go/lines/royal-caribbean/from/cape-liberty/,cape liberty cruise port royal caribbean,exact,480,BOOK-NOW,"Knows line and departure port; call must present sailings, dates and cabin pricing",fwd-RC-npq-rci-cape-liberty-BOOK,0.20,Royal Caribbean From New York,New York Sailings And Dates,Talk To A Cruise Specialist
RC-npq-rci-cape-liberty-BOOK,npq-rci-cape-liberty--core,npq-rci-cape-liberty,/en/go/lines/royal-caribbean/from/cape-liberty/,royal caribbean nyc port,exact,140,BOOK-NOW,"Knows line and departure port; call must present sailings, dates and cabin pricing",fwd-RC-npq-rci-cape-liberty-BOOK,0.20,Royal Caribbean From New York,New York Sailings And Dates,Talk To A Cruise Specialist
RC-npq-rci-dest-bermuda-BOOK,npq-rci-dest-bermuda--core,npq-rci-dest-bermuda,/en/go/lines/royal-caribbean/to/bermuda/,royal caribbean bermuda cruise,exact,4400,BOOK-NOW,"Knows line and destination; call must narrow port, dates and cabin",fwd-RC-npq-rci-dest-bermuda-BOOK,0.20,Bermuda Sailings,Compare Sailings And Dates,Call A Cruise Planning Expert
RC-npq-rci-dest-bermuda-BOOK,npq-rci-dest-bermuda--core,npq-rci-dest-bermuda,/en/go/lines/royal-caribbean/to/bermuda/,royal caribbean bermuda cruise,"phrase (discovery, negatives applied)",4400,BOOK-NOW,"Knows line and destination; call must narrow port, dates and cabin",fwd-RC-npq-rci-dest-bermuda-BOOK,0.20,Bermuda Sailings,Compare Sailings And Dates,Call A Cruise Planning Expert
RC-npq-rci-dest-bermuda-BOOK,npq-rci-dest-bermuda--core,npq-rci-dest-bermuda,/en/go/lines/royal-caribbean/to/bermuda/,royal caribbean cruise to bermuda,exact,1900,BOOK-NOW,"Knows line and destination; call must narrow port, dates and cabin",fwd-RC-npq-rci-dest-bermuda-BOOK,0.20,Bermuda Sailings,Compare Sailings And Dates,Call A Cruise Planning Expert
RC-npq-rci-dest-bermuda-BOOK,npq-rci-dest-bermuda--core,npq-rci-dest-bermuda,/en/go/lines/royal-caribbean/to/bermuda/,royal caribbean bermuda,exact,590,BOOK-NOW,"Knows line and destination; call must narrow port, dates and cabin",fwd-RC-npq-rci-dest-bermuda-BOOK,0.20,Bermuda Sailings,Compare Sailings And Dates,Call A Cruise Planning Expert
RC-npq-rci-dest-bermuda-BOOK,npq-rci-dest-bermuda--core,npq-rci-dest-bermuda,/en/go/lines/royal-caribbean/to/bermuda/,royal caribbean cruise from ny to bermuda,exact,170,BOOK-NOW,"Knows line and destination; call must narrow port, dates and cabin",fwd-RC-npq-rci-dest-bermuda-BOOK,0.20,Bermuda Sailings,Compare Sailings And Dates,Call A Cruise Planning Expert
RC-npq-rci-2-4-night-BOOK,npq-rci-2-4-night--core,npq-rci-2-4-night,/en/go/lines/royal-caribbean/2-4-night-cruises/,royal caribbean weekend cruises,exact,2900,BOOK-NOW,Knows trip length; call must present port and date options with pricing,fwd-RC-npq-rci-2-4-night-BOOK,0.20,Short Royal Caribbean Cruises,2 3 And 4 Night Sailings,Call For Dates And Cabins
RC-npq-rci-2-4-night-BOOK,npq-rci-2-4-night--core,npq-rci-2-4-night,/en/go/lines/royal-caribbean/2-4-night-cruises/,royal caribbean weekend cruises,"phrase (discovery, negatives applied)",2900,BOOK-NOW,Knows trip length; call must present port and date options with pricing,fwd-RC-npq-rci-2-4-night-BOOK,0.20,Short Royal Caribbean Cruises,2 3 And 4 Night Sailings,Call For Dates And Cabins
RC-npq-rci-2-4-night-BOOK,npq-rci-2-4-night--core,npq-rci-2-4-night,/en/go/lines/royal-caribbean/2-4-night-cruises/,royal caribbean 3 day cruise,exact,1900,BOOK-NOW,Knows trip length; call must present port and date options with pricing,fwd-RC-npq-rci-2-4-night-BOOK,0.20,Short Royal Caribbean Cruises,2 3 And 4 Night Sailings,Call For Dates And Cabins
RC-npq-rci-2-4-night-BOOK,npq-rci-2-4-night--core,npq-rci-2-4-night,/en/go/lines/royal-caribbean/2-4-night-cruises/,royal caribbean 4 day cruise,exact,1900,BOOK-NOW,Knows trip length; call must present port and date options with pricing,fwd-RC-npq-rci-2-4-night-BOOK,0.20,Short Royal Caribbean Cruises,2 3 And 4 Night Sailings,Call For Dates And Cabins
RC-npq-ship-symphony-of-the-seas-BOOK,npq-ship-symphony-of-the-seas--caribbean,npq-ship-symphony-of-the-seas,/en/go/ships/symphony-of-the-seas/,caribbean symphony of the seas,exact,6600,BOOK-NOW,Knows the ship; call must present its itineraries and price dates,fwd-RC-npq-ship-symphony-of-the-seas-BOOK,0.20,Symphony Of The Seas Cruises,Check Symphony Sailing Dates,Talk To A Cruise Specialist
RC-npq-ship-symphony-of-the-seas-BOOK,npq-ship-symphony-of-the-seas--caribbean,npq-ship-symphony-of-the-seas,/en/go/ships/symphony-of-the-seas/,caribbean symphony of the seas,"phrase (discovery, negatives applied)",6600,BOOK-NOW,Knows the ship; call must present its itineraries and price dates,fwd-RC-npq-ship-symphony-of-the-seas-BOOK,0.20,Symphony Of The Seas Cruises,Check Symphony Sailing Dates,Talk To A Cruise Specialist
RC-npq-rci-baltimore-BOOK,npq-rci-baltimore--core,npq-rci-baltimore,/en/go/lines/royal-caribbean/from/baltimore/,royal caribbean cruises from baltimore,exact,2400,BOOK-NOW,"Knows line and departure port; call must present sailings, dates and cabin pricing",fwd-RC-npq-rci-baltimore-BOOK,0.20,Royal Caribbean From Baltimore,Baltimore Sailings And Dates,Talk To A Cruise Specialist
RC-npq-rci-baltimore-BOOK,npq-rci-baltimore--core,npq-rci-baltimore,/en/go/lines/royal-caribbean/from/baltimore/,royal caribbean cruises from baltimore,"phrase (discovery, negatives applied)",2400,BOOK-NOW,"Knows line and departure port; call must present sailings, dates and cabin pricing",fwd-RC-npq-rci-baltimore-BOOK,0.20,Royal Caribbean From Baltimore,Baltimore Sailings And Dates,Talk To A Cruise Specialist
RC-npq-rci-baltimore-BOOK,npq-rci-baltimore--core,npq-rci-baltimore,/en/go/lines/royal-caribbean/from/baltimore/,royal caribbean baltimore,exact,1600,BOOK-NOW,"Knows line and departure port; call must present sailings, dates and cabin pricing",fwd-RC-npq-rci-baltimore-BOOK,0.20,Royal Caribbean From Baltimore,Baltimore Sailings And Dates,Talk To A Cruise Specialist
RC-npq-rci-baltimore-BOOK,npq-rci-baltimore--core,npq-rci-baltimore,/en/go/lines/royal-caribbean/from/baltimore/,royal caribbean cruise from baltimore md,exact,1000,BOOK-NOW,"Knows line and departure port; call must present sailings, dates and cabin pricing",fwd-RC-npq-rci-baltimore-BOOK,0.20,Royal Caribbean From Baltimore,Baltimore Sailings And Dates,Talk To A Cruise Specialist
RC-npq-rci-baltimore-BOOK,npq-rci-baltimore--core,npq-rci-baltimore,/en/go/lines/royal-caribbean/from/baltimore/,royal caribbean baltimore port,exact,720,BOOK-NOW,"Knows line and departure port; call must present sailings, dates and cabin pricing",fwd-RC-npq-rci-baltimore-BOOK,0.20,Royal Caribbean From Baltimore,Baltimore Sailings And Dates,Talk To A Cruise Specialist
RC-npq-rci-baltimore-BOOK,npq-rci-baltimore--core,npq-rci-baltimore,/en/go/lines/royal-caribbean/from/baltimore/,royal caribbean out of baltimore md,exact,260,BOOK-NOW,"Knows line and departure port; call must present sailings, dates and cabin pricing",fwd-RC-npq-rci-baltimore-BOOK,0.20,Royal Caribbean From Baltimore,Baltimore Sailings And Dates,Talk To A Cruise Specialist
RC-npq-rci-baltimore-BOOK,npq-rci-baltimore--core,npq-rci-baltimore,/en/go/lines/royal-caribbean/from/baltimore/,royal caribbean cruise port baltimore,exact,170,BOOK-NOW,"Knows line and departure port; call must present sailings, dates and cabin pricing",fwd-RC-npq-rci-baltimore-BOOK,0.20,Royal Caribbean From Baltimore,Baltimore Sailings And Dates,Talk To A Cruise Specialist
RC-npq-ship-icon-of-the-seas-BOOK,npq-ship-icon-of-the-seas--prices,npq-ship-icon-of-the-seas,/en/go/ships/icon-of-the-seas/,icon of the seas prices,exact,4400,BOOK-NOW,Knows the ship; call must present its itineraries and price dates,fwd-RC-npq-ship-icon-of-the-seas-BOOK,0.20,Icon Of The Seas Cruises,Check Icon Sailing Dates,Talk To A Cruise Specialist
RC-npq-ship-icon-of-the-seas-BOOK,npq-ship-icon-of-the-seas--prices,npq-ship-icon-of-the-seas,/en/go/ships/icon-of-the-seas/,icon of the seas prices,"phrase (discovery, negatives applied)",4400,BOOK-NOW,Knows the ship; call must present its itineraries and price dates,fwd-RC-npq-ship-icon-of-the-seas-BOOK,0.20,Icon Of The Seas Cruises,Check Icon Sailing Dates,Talk To A Cruise Specialist
RC-npq-ship-icon-of-the-seas-BOOK,npq-ship-icon-of-the-seas--prices,npq-ship-icon-of-the-seas,/en/go/ships/icon-of-the-seas/,icon of the seas cost,exact,480,BOOK-NOW,Knows the ship; call must present its itineraries and price dates,fwd-RC-npq-ship-icon-of-the-seas-BOOK,0.20,Icon Of The Seas Cruises,Check Icon Sailing Dates,Talk To A Cruise Specialist
RC-npq-ship-icon-of-the-seas-BOOK,npq-ship-icon-of-the-seas--prices,npq-ship-icon-of-the-seas,/en/go/ships/icon-of-the-seas/,icon of the seas cruise price,exact,390,BOOK-NOW,Knows the ship; call must present its itineraries and price dates,fwd-RC-npq-ship-icon-of-the-seas-BOOK,0.20,Icon Of The Seas Cruises,Check Icon Sailing Dates,Talk To A Cruise Specialist
RC-npq-ship-icon-of-the-seas-BOOK,npq-ship-icon-of-the-seas--prices,npq-ship-icon-of-the-seas,/en/go/ships/icon-of-the-seas/,icon of the seas ticket price,exact,320,BOOK-NOW,Knows the ship; call must present its itineraries and price dates,fwd-RC-npq-ship-icon-of-the-seas-BOOK,0.20,Icon Of The Seas Cruises,Check Icon Sailing Dates,Talk To A Cruise Specialist
RC-npq-ship-icon-of-the-seas-BOOK,npq-ship-icon-of-the-seas--prices,npq-ship-icon-of-the-seas,/en/go/ships/icon-of-the-seas/,icon of the seas price per person,exact,260,BOOK-NOW,Knows the ship; call must present its itineraries and price dates,fwd-RC-npq-ship-icon-of-the-seas-BOOK,0.20,Icon Of The Seas Cruises,Check Icon Sailing Dates,Talk To A Cruise Specialist
RC-npq-ship-icon-of-the-seas-BOOK,npq-ship-icon-of-the-seas--prices,npq-ship-icon-of-the-seas,/en/go/ships/icon-of-the-seas/,royal caribbean icon of the seas price,exact,170,BOOK-NOW,Knows the ship; call must present its itineraries and price dates,fwd-RC-npq-ship-icon-of-the-seas-BOOK,0.20,Icon Of The Seas Cruises,Check Icon Sailing Dates,Talk To A Cruise Specialist
RC-npq-ship-icon-of-the-seas-BOOK,npq-ship-icon-of-the-seas--prices,npq-ship-icon-of-the-seas,/en/go/ships/icon-of-the-seas/,icon of the seas suite prices,exact,110,BOOK-NOW,Knows the ship; call must present its itineraries and price dates,fwd-RC-npq-ship-icon-of-the-seas-BOOK,0.20,Icon Of The Seas Cruises,Check Icon Sailing Dates,Talk To A Cruise Specialist
RC-npq-rci-dest-cococay-BOOK,npq-rci-dest-cococay--core,npq-rci-dest-cococay,/en/go/lines/royal-caribbean/to/cococay/,royal caribbean cococay bahamas,exact,2900,BOOK-NOW,"Knows line and destination; call must narrow port, dates and cabin",fwd-RC-npq-rci-dest-cococay-BOOK,0.20,Perfect Day CocoCay Sailings,Compare Sailings And Dates,Call A Cruise Planning Expert
RC-npq-rci-dest-cococay-BOOK,npq-rci-dest-cococay--core,npq-rci-dest-cococay,/en/go/lines/royal-caribbean/to/cococay/,royal caribbean cococay bahamas,"phrase (discovery, negatives applied)",2900,BOOK-NOW,"Knows line and destination; call must narrow port, dates and cabin",fwd-RC-npq-rci-dest-cococay-BOOK,0.20,Perfect Day CocoCay Sailings,Compare Sailings And Dates,Call A Cruise Planning Expert
RC-npq-rci-dest-cococay-BOOK,npq-rci-dest-cococay--core,npq-rci-dest-cococay,/en/go/lines/royal-caribbean/to/cococay/,royal caribbean's perfect day at cococay,exact,2400,BOOK-NOW,"Knows line and destination; call must narrow port, dates and cabin",fwd-RC-npq-rci-dest-cococay-BOOK,0.20,Perfect Day CocoCay Sailings,Compare Sailings And Dates,Call A Cruise Planning Expert
RC-npq-rci-dest-cococay-BOOK,npq-rci-dest-cococay--core,npq-rci-dest-cococay,/en/go/lines/royal-caribbean/to/cococay/,perfect day at cococay royal caribbean,exact,260,BOOK-NOW,"Knows line and destination; call must narrow port, dates and cabin",fwd-RC-npq-rci-dest-cococay-BOOK,0.20,Perfect Day CocoCay Sailings,Compare Sailings And Dates,Call A Cruise Planning Expert
RC-npq-rci-dest-cococay-BOOK,npq-rci-dest-cococay--core,npq-rci-dest-cococay,/en/go/lines/royal-caribbean/to/cococay/,royal caribbean perfect day at cococay cruise,exact,210,BOOK-NOW,"Knows line and destination; call must narrow port, dates and cabin",fwd-RC-npq-rci-dest-cococay-BOOK,0.30,Perfect Day CocoCay Sailings,Compare Sailings And Dates,Call A Cruise Planning Expert
RC-npq-rci-dest-cococay-BOOK,npq-rci-dest-cococay--core,npq-rci-dest-cococay,/en/go/lines/royal-caribbean/to/cococay/,rccl coco cay,exact,140,BOOK-NOW,"Knows line and destination; call must narrow port, dates and cabin",fwd-RC-npq-rci-dest-cococay-BOOK,0.20,Perfect Day CocoCay Sailings,Compare Sailings And Dates,Call A Cruise Planning Expert
RC-p003-BOOK,p003--prices,p003,/en/go/lines/royal-caribbean/,prices for drinks on royal caribbean cruises,exact,2900,BOOK-NOW,Brand-committed shopper; call must surface current sailings and price one,fwd-RC-p003-BOOK,0.30,Royal Caribbean Cruise Quotes,Get A Sailing Priced By Phone,Talk To A Cruise Specialist
RC-p003-BOOK,p003--prices,p003,/en/go/lines/royal-caribbean/,prices for drinks on royal caribbean cruises,"phrase (discovery, negatives applied)",2900,BOOK-NOW,Brand-committed shopper; call must surface current sailings and price one,fwd-RC-p003-BOOK,0.30,Royal Caribbean Cruise Quotes,Get A Sailing Priced By Phone,Talk To A Cruise Specialist
RC-p003-BOOK,p003--prices,p003,/en/go/lines/royal-caribbean/,royal caribbean cruise price,exact,1900,BOOK-NOW,Brand-committed shopper; call must surface current sailings and price one,fwd-RC-p003-BOOK,0.20,Royal Caribbean Cruise Quotes,Get A Sailing Priced By Phone,Talk To A Cruise Specialist
RC-p003-BOOK,p003--prices,p003,/en/go/lines/royal-caribbean/,royal caribbean cruise cost,exact,590,BOOK-NOW,Brand-committed shopper; call must surface current sailings and price one,fwd-RC-p003-BOOK,0.20,Royal Caribbean Cruise Quotes,Get A Sailing Priced By Phone,Talk To A Cruise Specialist
RC-p003-BOOK,p003--prices,p003,/en/go/lines/royal-caribbean/,royal caribbean world cruise price,exact,210,BOOK-NOW,Brand-committed shopper; call must surface current sailings and price one,fwd-RC-p003-BOOK,0.20,Royal Caribbean Cruise Quotes,Get A Sailing Priced By Phone,Talk To A Cruise Specialist
RC-p003-BOOK,p003--prices,p003,/en/go/lines/royal-caribbean/,royal caribbean cruise price per person,exact,140,BOOK-NOW,Brand-committed shopper; call must surface current sailings and price one,fwd-RC-p003-BOOK,0.20,Royal Caribbean Cruise Quotes,Get A Sailing Priced By Phone,Talk To A Cruise Specialist
RC-p003-BOOK,p003--prices,p003,/en/go/lines/royal-caribbean/,royal caribbean cruise ticket price,exact,110,BOOK-NOW,Brand-committed shopper; call must surface current sailings and price one,fwd-RC-p003-BOOK,0.20,Royal Caribbean Cruise Quotes,Get A Sailing Priced By Phone,Talk To A Cruise Specialist
RC-npq-rci-dest-western-caribbean-BOOK,npq-rci-dest-western-caribbean--core,npq-rci-dest-western-caribbean,/en/go/lines/royal-caribbean/to/western-caribbean/,royal caribbean western caribbean cruise,exact,4400,BOOK-NOW,"Knows line and destination; call must narrow port, dates and cabin",fwd-RC-npq-rci-dest-western-caribbean-BOOK,0.20,Western Caribbean Sailings,Compare Sailings And Dates,Call A Cruise Planning Expert
RC-npq-rci-dest-western-caribbean-BOOK,npq-rci-dest-western-caribbean--core,npq-rci-dest-western-caribbean,/en/go/lines/royal-caribbean/to/western-caribbean/,royal caribbean western caribbean cruise,"phrase (discovery, negatives applied)",4400,BOOK-NOW,"Knows line and destination; call must narrow port, dates and cabin",fwd-RC-npq-rci-dest-western-caribbean-BOOK,0.20,Western Caribbean Sailings,Compare Sailings And Dates,Call A Cruise Planning Expert
RC-npq-rci-dest-western-caribbean-BOOK,npq-rci-dest-western-caribbean--core,npq-rci-dest-western-caribbean,/en/go/lines/royal-caribbean/to/western-caribbean/,cozumel mexico royal caribbean,exact,1000,BOOK-NOW,"Knows line and destination; call must narrow port, dates and cabin",fwd-RC-npq-rci-dest-western-caribbean-BOOK,0.20,Western Caribbean Sailings,Compare Sailings And Dates,Call A Cruise Planning Expert
RC-npq-rci-dest-western-caribbean-BOOK,npq-rci-dest-western-caribbean--core,npq-rci-dest-western-caribbean,/en/go/lines/royal-caribbean/to/western-caribbean/,royal caribbean cruise to cozumel mexico,exact,320,BOOK-NOW,"Knows line and destination; call must narrow port, dates and cabin",fwd-RC-npq-rci-dest-western-caribbean-BOOK,0.20,Western Caribbean Sailings,Compare Sailings And Dates,Call A Cruise Planning Expert
RC-npq-rci-dest-mexico-BOOK,npq-rci-dest-mexico--core,npq-rci-dest-mexico,/en/go/lines/royal-caribbean/to/mexico/,royal caribbean mexico cruise,exact,1600,BOOK-NOW,"Knows line and destination; call must narrow port, dates and cabin",fwd-RC-npq-rci-dest-mexico-BOOK,0.20,Royal Caribbean Mexico Cruises,Compare Sailings And Dates,Call A Cruise Planning Expert
RC-npq-rci-dest-mexico-BOOK,npq-rci-dest-mexico--core,npq-rci-dest-mexico,/en/go/lines/royal-caribbean/to/mexico/,royal caribbean mexico cruise,"phrase (discovery, negatives applied)",1600,BOOK-NOW,"Knows line and destination; call must narrow port, dates and cabin",fwd-RC-npq-rci-dest-mexico-BOOK,0.20,Royal Caribbean Mexico Cruises,Compare Sailings And Dates,Call A Cruise Planning Expert
RC-npq-rci-dest-mexico-BOOK,npq-rci-dest-mexico--core,npq-rci-dest-mexico,/en/go/lines/royal-caribbean/to/mexico/,royal caribbean cruise to mexico,exact,1300,BOOK-NOW,"Knows line and destination; call must narrow port, dates and cabin",fwd-RC-npq-rci-dest-mexico-BOOK,0.20,Royal Caribbean Mexico Cruises,Compare Sailings And Dates,Call A Cruise Planning Expert
RC-npq-rci-dest-mexico-BOOK,npq-rci-dest-mexico--core,npq-rci-dest-mexico,/en/go/lines/royal-caribbean/to/mexico/,royal caribbean to mexico,exact,1000,BOOK-NOW,"Knows line and destination; call must narrow port, dates and cabin",fwd-RC-npq-rci-dest-mexico-BOOK,0.20,Royal Caribbean Mexico Cruises,Compare Sailings And Dates,Call A Cruise Planning Expert
RC-npq-rci-dest-mexico-BOOK,npq-rci-dest-mexico--core,npq-rci-dest-mexico,/en/go/lines/royal-caribbean/to/mexico/,royal caribbean cruise cabo san lucas,exact,720,BOOK-NOW,"Knows line and destination; call must narrow port, dates and cabin",fwd-RC-npq-rci-dest-mexico-BOOK,0.20,Royal Caribbean Mexico Cruises,Compare Sailings And Dates,Call A Cruise Planning Expert
RC-npq-rci-dest-mexico-BOOK,npq-rci-dest-mexico--core,npq-rci-dest-mexico,/en/go/lines/royal-caribbean/to/mexico/,royal caribbean ensenada mexico,exact,390,BOOK-NOW,"Knows line and destination; call must narrow port, dates and cabin",fwd-RC-npq-rci-dest-mexico-BOOK,0.33,Royal Caribbean Mexico Cruises,Compare Sailings And Dates,Call A Cruise Planning Expert
RC-npq-rci-dest-mexico-BOOK,npq-rci-dest-mexico--core,npq-rci-dest-mexico,/en/go/lines/royal-caribbean/to/mexico/,royal caribbean cruise mexico riviera,exact,260,BOOK-NOW,"Knows line and destination; call must narrow port, dates and cabin",fwd-RC-npq-rci-dest-mexico-BOOK,0.20,Royal Caribbean Mexico Cruises,Compare Sailings And Dates,Call A Cruise Planning Expert
RC-npq-rci-dest-mexico-BOOK,npq-rci-dest-mexico--core,npq-rci-dest-mexico,/en/go/lines/royal-caribbean/to/mexico/,puerto costa maya mexico royal caribbean,exact,210,BOOK-NOW,"Knows line and destination; call must narrow port, dates and cabin",fwd-RC-npq-rci-dest-mexico-BOOK,0.25,Royal Caribbean Mexico Cruises,Compare Sailings And Dates,Call A Cruise Planning Expert
RC-npq-rci-dest-mexico-BOOK,npq-rci-dest-mexico--core,npq-rci-dest-mexico,/en/go/lines/royal-caribbean/to/mexico/,royal caribbean mexico ports,exact,110,BOOK-NOW,"Knows line and destination; call must narrow port, dates and cabin",fwd-RC-npq-rci-dest-mexico-BOOK,0.30,Royal Caribbean Mexico Cruises,Compare Sailings And Dates,Call A Cruise Planning Expert
RC-npq-ship-liberty-of-the-seas-BOOK,npq-ship-liberty-of-the-seas--caribbean,npq-ship-liberty-of-the-seas,/en/go/ships/liberty-of-the-seas/,liberty of the seas caribbean cruise,exact,5400,BOOK-NOW,Knows the ship; call must present its itineraries and price dates,fwd-RC-npq-ship-liberty-of-the-seas-BOOK,0.20,Liberty Of The Seas Cruises,Check Liberty Sailing Dates,Talk To A Cruise Specialist
RC-npq-ship-liberty-of-the-seas-BOOK,npq-ship-liberty-of-the-seas--caribbean,npq-ship-liberty-of-the-seas,/en/go/ships/liberty-of-the-seas/,liberty of the seas caribbean cruise,"phrase (discovery, negatives applied)",5400,BOOK-NOW,Knows the ship; call must present its itineraries and price dates,fwd-RC-npq-ship-liberty-of-the-seas-BOOK,0.20,Liberty Of The Seas Cruises,Check Liberty Sailing Dates,Talk To A Cruise Specialist
RC-p003-BOOK,p003--military,p003,/en/go/lines/royal-caribbean/,royal caribbean cruise military discount,exact,4400,BOOK-NOW,Brand-committed shopper; call must surface current sailings and price one,fwd-RC-p003-BOOK,0.85,Royal Caribbean Cruises,Compare Sailings And Dates,Call A Cruise Specialist
RC-p003-BOOK,p003--military,p003,/en/go/lines/royal-caribbean/,royal caribbean cruise military discount,"phrase (discovery, negatives applied)",4400,BOOK-NOW,Brand-committed shopper; call must surface current sailings and price one,fwd-RC-p003-BOOK,0.85,Royal Caribbean Cruises,Compare Sailings And Dates,Call A Cruise Specialist
RC-p003-BOOK,p003--military,p003,/en/go/lines/royal-caribbean/,royal caribbean veteran discount,exact,320,BOOK-NOW,Brand-committed shopper; call must surface current sailings and price one,fwd-RC-p003-BOOK,0.81,Royal Caribbean Cruises,Compare Sailings And Dates,Call A Cruise Specialist
RC-npq-rci-booking-help-CALL,npq-rci-booking-help--travel-agent,npq-rci-booking-help,/en/go/lines/royal-caribbean/booking-help/,royal caribbean travel agent,exact,4400,CALL-INTENT,"Wants a human on the phone; disclose independent service upfront, close on booking help",fwd-RC-npq-rci-booking-help-CALL,2.50,Cruise Booking Help By Phone,Independent Cruise Experts,Talk To A Cruise Agent Now
RC-npq-rci-booking-help-CALL,npq-rci-booking-help--travel-agent,npq-rci-booking-help,/en/go/lines/royal-caribbean/booking-help/,royal caribbean travel agent,"phrase (discovery, negatives applied)",4400,CALL-INTENT,"Wants a human on the phone; disclose independent service upfront, close on booking help",fwd-RC-npq-rci-booking-help-CALL,2.50,Cruise Booking Help By Phone,Independent Cruise Experts,Talk To A Cruise Agent Now
RC-npq-rci-booking-help-CALL,npq-rci-booking-help--travel-agent,npq-rci-booking-help,/en/go/lines/royal-caribbean/booking-help/,royal caribbean travel agent phone number,exact,720,CALL-INTENT,"Wants a human on the phone; disclose independent service upfront, close on booking help",fwd-RC-npq-rci-booking-help-CALL,2.05,Cruise Booking Help By Phone,Independent Cruise Experts,Talk To A Cruise Agent Now
RC-npq-rci-dest-eastern-caribbean-BOOK,npq-rci-dest-eastern-caribbean--core,npq-rci-dest-eastern-caribbean,/en/go/lines/royal-caribbean/to/eastern-caribbean/,royal caribbean eastern caribbean cruise,exact,4400,BOOK-NOW,"Knows line and destination; call must narrow port, dates and cabin",fwd-RC-npq-rci-dest-eastern-caribbean-BOOK,0.20,Eastern Caribbean Sailings,Compare Sailings And Dates,Call A Cruise Planning Expert
RC-npq-rci-dest-eastern-caribbean-BOOK,npq-rci-dest-eastern-caribbean--core,npq-rci-dest-eastern-caribbean,/en/go/lines/royal-caribbean/to/eastern-caribbean/,royal caribbean eastern caribbean cruise,"phrase (discovery, negatives applied)",4400,BOOK-NOW,"Knows line and destination; call must narrow port, dates and cabin",fwd-RC-npq-rci-dest-eastern-caribbean-BOOK,0.20,Eastern Caribbean Sailings,Compare Sailings And Dates,Call A Cruise Planning Expert
RC-npq-ship-allure-of-the-seas-BOOK,npq-ship-allure-of-the-seas--caribbean,npq-ship-allure-of-the-seas,/en/go/ships/allure-of-the-seas/,allure of the seas caribbean cruise,exact,4400,BOOK-NOW,Knows the ship; call must present its itineraries and price dates,fwd-RC-npq-ship-allure-of-the-seas-BOOK,0.20,Allure Of The Seas Cruises,Check Allure Sailing Dates,Talk To A Cruise Specialist
RC-npq-ship-allure-of-the-seas-BOOK,npq-ship-allure-of-the-seas--caribbean,npq-ship-allure-of-the-seas,/en/go/ships/allure-of-the-seas/,allure of the seas caribbean cruise,"phrase (discovery, negatives applied)",4400,BOOK-NOW,Knows the ship; call must present its itineraries and price dates,fwd-RC-npq-ship-allure-of-the-seas-BOOK,0.20,Allure Of The Seas Cruises,Check Allure Sailing Dates,Talk To A Cruise Specialist
RC-p003-BOOK,p003--book,p003,/en/go/lines/royal-caribbean/,book royal caribbean cruise,exact,2400,BOOK-NOW,Brand-committed shopper; call must surface current sailings and price one,fwd-RC-p003-BOOK,0.66,Book A Royal Caribbean Trip,Real Dates Real Availability,Call A Cruise Specialist
RC-p003-BOOK,p003--book,p003,/en/go/lines/royal-caribbean/,book royal caribbean cruise,"phrase (discovery, negatives applied)",2400,BOOK-NOW,Brand-committed shopper; call must surface current sailings and price one,fwd-RC-p003-BOOK,0.66,Book A Royal Caribbean Trip,Real Dates Real Availability,Call A Cruise Specialist
RC-p003-BOOK,p003--book,p003,/en/go/lines/royal-caribbean/,royal caribbean booking,exact,1600,BOOK-NOW,Brand-committed shopper; call must surface current sailings and price one,fwd-RC-p003-BOOK,0.58,Book A Royal Caribbean Trip,Real Dates Real Availability,Call A Cruise Specialist
RC-p003-BOOK,p003--book,p003,/en/go/lines/royal-caribbean/,royal caribbean group booking,exact,390,BOOK-NOW,Brand-committed shopper; call must surface current sailings and price one,fwd-RC-p003-BOOK,0.45,Book A Royal Caribbean Trip,Real Dates Real Availability,Call A Cruise Specialist
RC-npq-rci-holiday-BOOK,npq-rci-holiday--holiday,npq-rci-holiday,/en/go/lines/royal-caribbean/holiday-cruises/,royal caribbean christmas cruise,exact,1600,BOOK-NOW,Holiday travel window fixed; call must confirm availability and price,fwd-RC-npq-rci-holiday-BOOK,0.20,Holiday Cruise Sailings,December Cruise Dates,Call A Cruise Specialist
RC-npq-rci-holiday-BOOK,npq-rci-holiday--holiday,npq-rci-holiday,/en/go/lines/royal-caribbean/holiday-cruises/,royal caribbean christmas cruise,"phrase (discovery, negatives applied)",1600,BOOK-NOW,Holiday travel window fixed; call must confirm availability and price,fwd-RC-npq-rci-holiday-BOOK,0.20,Holiday Cruise Sailings,December Cruise Dates,Call A Cruise Specialist
RC-npq-rci-holiday-BOOK,npq-rci-holiday--holiday,npq-rci-holiday,/en/go/lines/royal-caribbean/holiday-cruises/,royal caribbean new years cruise,exact,1300,BOOK-NOW,Holiday travel window fixed; call must confirm availability and price,fwd-RC-npq-rci-holiday-BOOK,0.20,Holiday Cruise Sailings,December Cruise Dates,Call A Cruise Specialist
RC-npq-rci-holiday-BOOK,npq-rci-holiday--holiday,npq-rci-holiday,/en/go/lines/royal-caribbean/holiday-cruises/,royal caribbean december cruises,exact,590,BOOK-NOW,Holiday travel window fixed; call must confirm availability and price,fwd-RC-npq-rci-holiday-BOOK,0.20,Holiday Cruise Sailings,December Cruise Dates,Call A Cruise Specialist
RC-npq-rci-holiday-BOOK,npq-rci-holiday--holiday,npq-rci-holiday,/en/go/lines/royal-caribbean/holiday-cruises/,royal caribbean holiday cruise,exact,390,BOOK-NOW,Holiday travel window fixed; call must confirm availability and price,fwd-RC-npq-rci-holiday-BOOK,0.20,Holiday Cruise Sailings,December Cruise Dates,Call A Cruise Specialist
RC-p003-BOOK,p003--last-minute,p003,/en/go/lines/royal-caribbean/,royal caribbean last minute cruise,exact,3600,BOOK-NOW,Brand-committed shopper; call must surface current sailings and price one,fwd-RC-p003-BOOK,0.26,Last Minute Royal Caribbean,Near Term Sailing Dates,Call For Availability Today
RC-p003-BOOK,p003--last-minute,p003,/en/go/lines/royal-caribbean/,royal caribbean last minute cruise,"phrase (discovery, negatives applied)",3600,BOOK-NOW,Brand-committed shopper; call must surface current sailings and price one,fwd-RC-p003-BOOK,0.26,Last Minute Royal Caribbean,Near Term Sailing Dates,Call For Availability Today
RC-p003-BOOK,p003--last-minute,p003,/en/go/lines/royal-caribbean/,royal caribbean last minute,exact,140,BOOK-NOW,Brand-committed shopper; call must surface current sailings and price one,fwd-RC-p003-BOOK,0.25,Last Minute Royal Caribbean,Near Term Sailing Dates,Call For Availability Today
RC-npq-rci-booking-help-CALL,npq-rci-booking-help--reservations,npq-rci-booking-help,/en/go/lines/royal-caribbean/booking-help/,rccl reservations phone number,exact,1900,CALL-INTENT,"Wants a human on the phone; disclose independent service upfront, close on booking help",fwd-RC-npq-rci-booking-help-CALL,2.03,Cruise Booking Help By Phone,Independent Cruise Experts,Talk To A Cruise Agent Now
RC-npq-rci-booking-help-CALL,npq-rci-booking-help--reservations,npq-rci-booking-help,/en/go/lines/royal-caribbean/booking-help/,rccl reservations phone number,"phrase (discovery, negatives applied)",1900,CALL-INTENT,"Wants a human on the phone; disclose independent service upfront, close on booking help",fwd-RC-npq-rci-booking-help-CALL,2.03,Cruise Booking Help By Phone,Independent Cruise Experts,Talk To A Cruise Agent Now
RC-npq-rci-booking-help-CALL,npq-rci-booking-help--reservations,npq-rci-booking-help,/en/go/lines/royal-caribbean/booking-help/,royal caribbean reservations,exact,1300,CALL-INTENT,"Wants a human on the phone; disclose independent service upfront, close on booking help",fwd-RC-npq-rci-booking-help-CALL,0.52,Cruise Booking Help By Phone,Independent Cruise Experts,Talk To A Cruise Agent Now
RC-npq-rci-booking-help-CALL,npq-rci-booking-help--reservations,npq-rci-booking-help,/en/go/lines/royal-caribbean/booking-help/,royal caribbean group reservations,exact,390,CALL-INTENT,"Wants a human on the phone; disclose independent service upfront, close on booking help",fwd-RC-npq-rci-booking-help-CALL,0.45,Cruise Booking Help By Phone,Independent Cruise Experts,Talk To A Cruise Agent Now
RC-npq-rci-booking-help-CALL,npq-rci-booking-help--reservations,npq-rci-booking-help,/en/go/lines/royal-caribbean/booking-help/,royal caribbean cruise reservations,exact,320,CALL-INTENT,"Wants a human on the phone; disclose independent service upfront, close on booking help",fwd-RC-npq-rci-booking-help-CALL,0.75,Cruise Booking Help By Phone,Independent Cruise Experts,Talk To A Cruise Agent Now
RC-npq-rci-booking-help-CALL,npq-rci-booking-help--reservations,npq-rci-booking-help,/en/go/lines/royal-caribbean/booking-help/,oasis of the seas reservations,exact,110,CALL-INTENT,"Wants a human on the phone; disclose independent service upfront, close on booking help",fwd-RC-npq-rci-booking-help-CALL,0.24,Cruise Booking Help By Phone,Independent Cruise Experts,Talk To A Cruise Agent Now
RC-npq-rci-dest-southern-caribbean-BOOK,npq-rci-dest-southern-caribbean--core,npq-rci-dest-southern-caribbean,/en/go/lines/royal-caribbean/to/southern-caribbean/,royal caribbean southern caribbean cruise,exact,3600,BOOK-NOW,"Knows line and destination; call must narrow port, dates and cabin",fwd-RC-npq-rci-dest-southern-caribbean-BOOK,0.20,Southern Caribbean Sailings,Compare Sailings And Dates,Call A Cruise Planning Expert
RC-npq-rci-dest-southern-caribbean-BOOK,npq-rci-dest-southern-caribbean--core,npq-rci-dest-southern-caribbean,/en/go/lines/royal-caribbean/to/southern-caribbean/,royal caribbean southern caribbean cruise,"phrase (discovery, negatives applied)",3600,BOOK-NOW,"Knows line and destination; call must narrow port, dates and cabin",fwd-RC-npq-rci-dest-southern-caribbean-BOOK,0.20,Southern Caribbean Sailings,Compare Sailings And Dates,Call A Cruise Planning Expert
RC-npq-ship-freedom-of-the-seas-BOOK,npq-ship-freedom-of-the-seas--caribbean,npq-ship-freedom-of-the-seas,/en/go/ships/freedom-of-the-seas/,caribbean cruise freedom of the seas,exact,3600,BOOK-NOW,Knows the ship; call must present its itineraries and price dates,fwd-RC-npq-ship-freedom-of-the-seas-BOOK,0.32,Freedom Of The Seas Cruises,Check Freedom Sailing Dates,Talk To A Cruise Specialist
RC-npq-ship-freedom-of-the-seas-BOOK,npq-ship-freedom-of-the-seas--caribbean,npq-ship-freedom-of-the-seas,/en/go/ships/freedom-of-the-seas/,caribbean cruise freedom of the seas,"phrase (discovery, negatives applied)",3600,BOOK-NOW,Knows the ship; call must present its itineraries and price dates,fwd-RC-npq-ship-freedom-of-the-seas-BOOK,0.32,Freedom Of The Seas Cruises,Check Freedom Sailing Dates,Talk To A Cruise Specialist
RC-npq-rci-new-orleans-BOOK,npq-rci-new-orleans--core,npq-rci-new-orleans,/en/go/lines/royal-caribbean/from/new-orleans/,royal caribbean cruises from new orleans,exact,1300,BOOK-NOW,"Knows line and departure port; call must present sailings, dates and cabin pricing",fwd-RC-npq-rci-new-orleans-BOOK,0.20,Royal Caribbean New Orleans,New Orleans Sailings And Dates,Talk To A Cruise Specialist
RC-npq-rci-new-orleans-BOOK,npq-rci-new-orleans--core,npq-rci-new-orleans,/en/go/lines/royal-caribbean/from/new-orleans/,royal caribbean cruises from new orleans,"phrase (discovery, negatives applied)",1300,BOOK-NOW,"Knows line and departure port; call must present sailings, dates and cabin pricing",fwd-RC-npq-rci-new-orleans-BOOK,0.20,Royal Caribbean New Orleans,New Orleans Sailings And Dates,Talk To A Cruise Specialist
RC-npq-rci-new-orleans-BOOK,npq-rci-new-orleans--core,npq-rci-new-orleans,/en/go/lines/royal-caribbean/from/new-orleans/,royal caribbean new orleans,exact,1000,BOOK-NOW,"Knows line and departure port; call must present sailings, dates and cabin pricing",fwd-RC-npq-rci-new-orleans-BOOK,0.20,Royal Caribbean New Orleans,New Orleans Sailings And Dates,Talk To A Cruise Specialist
RC-npq-rci-new-orleans-BOOK,npq-rci-new-orleans--core,npq-rci-new-orleans,/en/go/lines/royal-caribbean/from/new-orleans/,royal caribbean cruises out of new orleans louisiana,exact,480,BOOK-NOW,"Knows line and departure port; call must present sailings, dates and cabin pricing",fwd-RC-npq-rci-new-orleans-BOOK,0.20,Royal Caribbean New Orleans,New Orleans Sailings And Dates,Talk To A Cruise Specialist
RC-npq-rci-new-orleans-BOOK,npq-rci-new-orleans--core,npq-rci-new-orleans,/en/go/lines/royal-caribbean/from/new-orleans/,royal caribbean new orleans port,exact,320,BOOK-NOW,"Knows line and departure port; call must present sailings, dates and cabin pricing",fwd-RC-npq-rci-new-orleans-BOOK,0.20,Royal Caribbean New Orleans,New Orleans Sailings And Dates,Talk To A Cruise Specialist
RC-npq-rci-new-orleans-BOOK,npq-rci-new-orleans--core,npq-rci-new-orleans,/en/go/lines/royal-caribbean/from/new-orleans/,royal caribbean out of new orleans,exact,210,BOOK-NOW,"Knows line and departure port; call must present sailings, dates and cabin pricing",fwd-RC-npq-rci-new-orleans-BOOK,0.20,Royal Caribbean New Orleans,New Orleans Sailings And Dates,Talk To A Cruise Specialist
RC-npq-rci-los-angeles-BOOK,npq-rci-los-angeles--core,npq-rci-los-angeles,/en/go/lines/royal-caribbean/from/los-angeles/,royal caribbean cruises from los angeles,exact,2400,BOOK-NOW,"Knows line and departure port; call must present sailings, dates and cabin pricing",fwd-RC-npq-rci-los-angeles-BOOK,0.24,Royal Caribbean Los Angeles,Los Angeles Sailings And Dates,Talk To A Cruise Specialist
RC-npq-rci-los-angeles-BOOK,npq-rci-los-angeles--core,npq-rci-los-angeles,/en/go/lines/royal-caribbean/from/los-angeles/,royal caribbean cruises from los angeles,"phrase (discovery, negatives applied)",2400,BOOK-NOW,"Knows line and departure port; call must present sailings, dates and cabin pricing",fwd-RC-npq-rci-los-angeles-BOOK,0.24,Royal Caribbean Los Angeles,Los Angeles Sailings And Dates,Talk To A Cruise Specialist
RC-npq-rci-los-angeles-BOOK,npq-rci-los-angeles--core,npq-rci-los-angeles,/en/go/lines/royal-caribbean/from/los-angeles/,royal caribbean from los angeles,exact,480,BOOK-NOW,"Knows line and departure port; call must present sailings, dates and cabin pricing",fwd-RC-npq-rci-los-angeles-BOOK,0.20,Royal Caribbean Los Angeles,Los Angeles Sailings And Dates,Talk To A Cruise Specialist
RC-npq-rci-los-angeles-BOOK,npq-rci-los-angeles--core,npq-rci-los-angeles,/en/go/lines/royal-caribbean/from/los-angeles/,royal caribbean san pedro ca,exact,320,BOOK-NOW,"Knows line and departure port; call must present sailings, dates and cabin pricing",fwd-RC-npq-rci-los-angeles-BOOK,0.21,Royal Caribbean Los Angeles,Los Angeles Sailings And Dates,Talk To A Cruise Specialist
RC-p002-BOOK,p002--icon,p002,/en/go/lines/royal-caribbean/from/galveston/,icon of the seas galveston,exact,2900,BOOK-NOW,"Knows line and departure port; call must present sailings, dates and cabin pricing",fwd-RC-p002-BOOK,0.20,Royal Caribbean From Galveston,Galveston Sailings And Dates,Talk To A Cruise Specialist
RC-p002-BOOK,p002--icon,p002,/en/go/lines/royal-caribbean/from/galveston/,icon of the seas galveston,"phrase (discovery, negatives applied)",2900,BOOK-NOW,"Knows line and departure port; call must present sailings, dates and cabin pricing",fwd-RC-p002-BOOK,0.20,Royal Caribbean From Galveston,Galveston Sailings And Dates,Talk To A Cruise Specialist
RC-p003-BOOK,p003--black-friday,p003,/en/go/lines/royal-caribbean/,royal caribbean black friday deals,exact,1900,BOOK-NOW,Brand-committed shopper; call must surface current sailings and price one,fwd-RC-p003-BOOK,0.34,Royal Caribbean Cruises,Compare Sailings And Dates,Call A Cruise Specialist
RC-p003-BOOK,p003--black-friday,p003,/en/go/lines/royal-caribbean/,royal caribbean black friday deals,"phrase (discovery, negatives applied)",1900,BOOK-NOW,Brand-committed shopper; call must surface current sailings and price one,fwd-RC-p003-BOOK,0.34,Royal Caribbean Cruises,Compare Sailings And Dates,Call A Cruise Specialist
RC-p003-BOOK,p003--black-friday,p003,/en/go/lines/royal-caribbean/,royal caribbean black friday,exact,880,BOOK-NOW,Brand-committed shopper; call must surface current sailings and price one,fwd-RC-p003-BOOK,0.20,Royal Caribbean Cruises,Compare Sailings And Dates,Call A Cruise Specialist
RC-npq-rci-san-juan-BOOK,npq-rci-san-juan--core,npq-rci-san-juan,/en/go/lines/royal-caribbean/from/san-juan/,royal caribbean cruises from san juan,exact,880,BOOK-NOW,"Knows line and departure port; call must present sailings, dates and cabin pricing",fwd-RC-npq-rci-san-juan-BOOK,0.20,Royal Caribbean From San Juan,San Juan Sailings And Dates,Talk To A Cruise Specialist
RC-npq-rci-san-juan-BOOK,npq-rci-san-juan--core,npq-rci-san-juan,/en/go/lines/royal-caribbean/from/san-juan/,royal caribbean cruises from san juan,"phrase (discovery, negatives applied)",880,BOOK-NOW,"Knows line and departure port; call must present sailings, dates and cabin pricing",fwd-RC-npq-rci-san-juan-BOOK,0.20,Royal Caribbean From San Juan,San Juan Sailings And Dates,Talk To A Cruise Specialist
RC-npq-rci-san-juan-BOOK,npq-rci-san-juan--core,npq-rci-san-juan,/en/go/lines/royal-caribbean/from/san-juan/,royal caribbean san juan port,exact,720,BOOK-NOW,"Knows line and departure port; call must present sailings, dates and cabin pricing",fwd-RC-npq-rci-san-juan-BOOK,0.20,Royal Caribbean From San Juan,San Juan Sailings And Dates,Talk To A Cruise Specialist
RC-npq-rci-san-juan-BOOK,npq-rci-san-juan--core,npq-rci-san-juan,/en/go/lines/royal-caribbean/from/san-juan/,royal caribbean cruise port san juan puerto rico,exact,480,BOOK-NOW,"Knows line and departure port; call must present sailings, dates and cabin pricing",fwd-RC-npq-rci-san-juan-BOOK,0.25,Royal Caribbean From San Juan,San Juan Sailings And Dates,Talk To A Cruise Specialist
RC-npq-rci-san-juan-BOOK,npq-rci-san-juan--core,npq-rci-san-juan,/en/go/lines/royal-caribbean/from/san-juan/,cruise port san juan royal caribbean,exact,320,BOOK-NOW,"Knows line and departure port; call must present sailings, dates and cabin pricing",fwd-RC-npq-rci-san-juan-BOOK,0.39,Royal Caribbean From San Juan,San Juan Sailings And Dates,Talk To A Cruise Specialist
RC-npq-rci-san-juan-BOOK,npq-rci-san-juan--core,npq-rci-san-juan,/en/go/lines/royal-caribbean/from/san-juan/,royal caribbean san juan,exact,210,BOOK-NOW,"Knows line and departure port; call must present sailings, dates and cabin pricing",fwd-RC-npq-rci-san-juan-BOOK,0.20,Royal Caribbean From San Juan,San Juan Sailings And Dates,Talk To A Cruise Specialist
RC-npq-rci-seattle-BOOK,npq-rci-seattle--core,npq-rci-seattle,/en/go/lines/royal-caribbean/from/seattle/,seattle cruise port royal caribbean,exact,1300,BOOK-NOW,"Knows line and departure port; call must present sailings, dates and cabin pricing",fwd-RC-npq-rci-seattle-BOOK,0.58,Royal Caribbean From Seattle,Seattle Sailings And Dates,Talk To A Cruise Specialist
RC-npq-rci-seattle-BOOK,npq-rci-seattle--core,npq-rci-seattle,/en/go/lines/royal-caribbean/from/seattle/,seattle cruise port royal caribbean,"phrase (discovery, negatives applied)",1300,BOOK-NOW,"Knows line and departure port; call must present sailings, dates and cabin pricing",fwd-RC-npq-rci-seattle-BOOK,0.58,Royal Caribbean From Seattle,Seattle Sailings And Dates,Talk To A Cruise Specialist
RC-npq-rci-seattle-BOOK,npq-rci-seattle--core,npq-rci-seattle,/en/go/lines/royal-caribbean/from/seattle/,royal caribbean cruises from seattle,exact,590,BOOK-NOW,"Knows line and departure port; call must present sailings, dates and cabin pricing",fwd-RC-npq-rci-seattle-BOOK,0.20,Royal Caribbean From Seattle,Seattle Sailings And Dates,Talk To A Cruise Specialist
RC-npq-rci-seattle-BOOK,npq-rci-seattle--core,npq-rci-seattle,/en/go/lines/royal-caribbean/from/seattle/,royal caribbean seattle,exact,320,BOOK-NOW,"Knows line and departure port; call must present sailings, dates and cabin pricing",fwd-RC-npq-rci-seattle-BOOK,0.20,Royal Caribbean From Seattle,Seattle Sailings And Dates,Talk To A Cruise Specialist
RC-npq-rci-seattle-BOOK,npq-rci-seattle--core,npq-rci-seattle,/en/go/lines/royal-caribbean/from/seattle/,royal caribbean port seattle wa,exact,140,BOOK-NOW,"Knows line and departure port; call must present sailings, dates and cabin pricing",fwd-RC-npq-rci-seattle-BOOK,1.27,Royal Caribbean From Seattle,Seattle Sailings And Dates,Talk To A Cruise Specialist
RC-npq-rci-seattle-BOOK,npq-rci-seattle--core,npq-rci-seattle,/en/go/lines/royal-caribbean/from/seattle/,royal caribbean seattle cruise,exact,110,BOOK-NOW,"Knows line and departure port; call must present sailings, dates and cabin pricing",fwd-RC-npq-rci-seattle-BOOK,0.21,Royal Caribbean From Seattle,Seattle Sailings And Dates,Talk To A Cruise Specialist
RC-npq-rci-dest-transatlantic-BOOK,npq-rci-dest-transatlantic--core,npq-rci-dest-transatlantic,/en/go/lines/royal-caribbean/to/transatlantic/,royal caribbean transatlantic cruises,exact,1900,BOOK-NOW,"Knows line and destination; call must narrow port, dates and cabin",fwd-RC-npq-rci-dest-transatlantic-BOOK,0.20,Transatlantic Sailings,Compare Sailings And Dates,Call A Cruise Planning Expert
RC-npq-rci-dest-transatlantic-BOOK,npq-rci-dest-transatlantic--core,npq-rci-dest-transatlantic,/en/go/lines/royal-caribbean/to/transatlantic/,royal caribbean transatlantic cruises,"phrase (discovery, negatives applied)",1900,BOOK-NOW,"Knows line and destination; call must narrow port, dates and cabin",fwd-RC-npq-rci-dest-transatlantic-BOOK,0.20,Transatlantic Sailings,Compare Sailings And Dates,Call A Cruise Planning Expert
RC-npq-rci-dest-transatlantic-BOOK,npq-rci-dest-transatlantic--core,npq-rci-dest-transatlantic,/en/go/lines/royal-caribbean/to/transatlantic/,royal caribbean transatlantic,exact,390,BOOK-NOW,"Knows line and destination; call must narrow port, dates and cabin",fwd-RC-npq-rci-dest-transatlantic-BOOK,0.20,Transatlantic Sailings,Compare Sailings And Dates,Call A Cruise Planning Expert
RC-npq-ship-independence-of-the-seas-BOOK,npq-ship-independence-of-the-seas--caribbean,npq-ship-independence-of-the-seas,/en/go/ships/independence-of-the-seas/,caribbean cruise independence of the seas,exact,1900,BOOK-NOW,Knows the ship; call must present its itineraries and price dates,fwd-RC-npq-ship-independence-of-the-seas-BOOK,0.20,Independence Of The Seas,Check Sailing Dates,Talk To A Cruise Specialist
RC-npq-ship-independence-of-the-seas-BOOK,npq-ship-independence-of-the-seas--caribbean,npq-ship-independence-of-the-seas,/en/go/ships/independence-of-the-seas/,caribbean cruise independence of the seas,"phrase (discovery, negatives applied)",1900,BOOK-NOW,Knows the ship; call must present its itineraries and price dates,fwd-RC-npq-ship-independence-of-the-seas-BOOK,0.20,Independence Of The Seas,Check Sailing Dates,Talk To A Cruise Specialist
RC-npq-rci-miami-BOOK,npq-rci-miami--icon,npq-rci-miami,/en/go/lines/royal-caribbean/from/miami/,icon of the seas miami,exact,1600,BOOK-NOW,"Knows line and departure port; call must present sailings, dates and cabin pricing",fwd-RC-npq-rci-miami-BOOK,0.20,Royal Caribbean From Miami,Miami Sailings And Dates,Talk To A Cruise Specialist
RC-npq-rci-miami-BOOK,npq-rci-miami--icon,npq-rci-miami,/en/go/lines/royal-caribbean/from/miami/,icon of the seas miami,"phrase (discovery, negatives applied)",1600,BOOK-NOW,"Knows line and departure port; call must present sailings, dates and cabin pricing",fwd-RC-npq-rci-miami-BOOK,0.20,Royal Caribbean From Miami,Miami Sailings And Dates,Talk To A Cruise Specialist
RC-npq-ship-navigator-of-the-seas-BOOK,npq-ship-navigator-of-the-seas--caribbean,npq-ship-navigator-of-the-seas,/en/go/ships/navigator-of-the-seas/,caribbean cruise navigator of the seas,exact,1600,BOOK-NOW,Knows the ship; call must present its itineraries and price dates,fwd-RC-npq-ship-navigator-of-the-seas-BOOK,0.22,Navigator Of The Seas Cruises,Check Navigator Sailing Dates,Talk To A Cruise Specialist
RC-npq-ship-navigator-of-the-seas-BOOK,npq-ship-navigator-of-the-seas--caribbean,npq-ship-navigator-of-the-seas,/en/go/ships/navigator-of-the-seas/,caribbean cruise navigator of the seas,"phrase (discovery, negatives applied)",1600,BOOK-NOW,Knows the ship; call must present its itineraries and price dates,fwd-RC-npq-ship-navigator-of-the-seas-BOOK,0.22,Navigator Of The Seas Cruises,Check Navigator Sailing Dates,Talk To A Cruise Specialist
RC-npq-rci-seattle-BOOK,npq-rci-seattle--alaska,npq-rci-seattle,/en/go/lines/royal-caribbean/from/seattle/,royal caribbean alaska cruise from seattle,exact,1300,BOOK-NOW,"Knows line and departure port; call must present sailings, dates and cabin pricing",fwd-RC-npq-rci-seattle-BOOK,0.20,Royal Caribbean From Seattle,Seattle Sailings And Dates,Talk To A Cruise Specialist
RC-npq-rci-seattle-BOOK,npq-rci-seattle--alaska,npq-rci-seattle,/en/go/lines/royal-caribbean/from/seattle/,royal caribbean alaska cruise from seattle,"phrase (discovery, negatives applied)",1300,BOOK-NOW,"Knows line and departure port; call must present sailings, dates and cabin pricing",fwd-RC-npq-rci-seattle-BOOK,0.20,Royal Caribbean From Seattle,Seattle Sailings And Dates,Talk To A Cruise Specialist
RC-npq-rci-seattle-BOOK,npq-rci-seattle--alaska,npq-rci-seattle,/en/go/lines/royal-caribbean/from/seattle/,royal caribbean cruise seattle to alaska,exact,210,BOOK-NOW,"Knows line and departure port; call must present sailings, dates and cabin pricing",fwd-RC-npq-rci-seattle-BOOK,0.20,Royal Caribbean From Seattle,Seattle Sailings And Dates,Talk To A Cruise Specialist
RC-p003-BOOK,p003--solo,p003,/en/go/lines/royal-caribbean/,royal caribbean solo cruise,exact,880,BOOK-NOW,Brand-committed shopper; call must surface current sailings and price one,fwd-RC-p003-BOOK,0.20,Royal Caribbean Cruises,Compare Sailings And Dates,Call A Cruise Specialist
RC-p003-BOOK,p003--solo,p003,/en/go/lines/royal-caribbean/,royal caribbean solo cruise,"phrase (discovery, negatives applied)",880,BOOK-NOW,Brand-committed shopper; call must surface current sailings and price one,fwd-RC-p003-BOOK,0.20,Royal Caribbean Cruises,Compare Sailings And Dates,Call A Cruise Specialist
RC-p003-BOOK,p003--solo,p003,/en/go/lines/royal-caribbean/,royal caribbean singles cruise,exact,590,BOOK-NOW,Brand-committed shopper; call must surface current sailings and price one,fwd-RC-p003-BOOK,0.31,Royal Caribbean Cruises,Compare Sailings And Dates,Call A Cruise Specialist
RC-npq-rci-dest-alaska-BOOK,npq-rci-dest-alaska--deals,npq-rci-dest-alaska,/en/go/lines/royal-caribbean/to/alaska/,royal caribbean alaska cruise deals,exact,1300,BOOK-NOW,"Knows line and destination; call must narrow port, dates and cabin",fwd-RC-npq-rci-dest-alaska-BOOK,0.39,Royal Caribbean Alaska Cruises,Compare Sailings And Dates,Call A Cruise Planning Expert
RC-npq-rci-dest-alaska-BOOK,npq-rci-dest-alaska--deals,npq-rci-dest-alaska,/en/go/lines/royal-caribbean/to/alaska/,royal caribbean alaska cruise deals,"phrase (discovery, negatives applied)",1300,BOOK-NOW,"Knows line and destination; call must narrow port, dates and cabin",fwd-RC-npq-rci-dest-alaska-BOOK,0.39,Royal Caribbean Alaska Cruises,Compare Sailings And Dates,Call A Cruise Planning Expert
RC-npq-ship-harmony-of-the-seas-BOOK,npq-ship-harmony-of-the-seas--caribbean,npq-ship-harmony-of-the-seas,/en/go/ships/harmony-of-the-seas/,harmony of the seas caribbean cruise,exact,1300,BOOK-NOW,Knows the ship; call must present its itineraries and price dates,fwd-RC-npq-ship-harmony-of-the-seas-BOOK,0.20,Harmony Of The Seas Cruises,Check Harmony Sailing Dates,Talk To A Cruise Specialist
RC-npq-ship-harmony-of-the-seas-BOOK,npq-ship-harmony-of-the-seas--caribbean,npq-ship-harmony-of-the-seas,/en/go/ships/harmony-of-the-seas/,harmony of the seas caribbean cruise,"phrase (discovery, negatives applied)",1300,BOOK-NOW,Knows the ship; call must present its itineraries and price dates,fwd-RC-npq-ship-harmony-of-the-seas-BOOK,0.20,Harmony Of The Seas Cruises,Check Harmony Sailing Dates,Talk To A Cruise Specialist
RC-p003-BOOK,p003--adults,p003,/en/go/lines/royal-caribbean/,adults only cruise royal caribbean,exact,1000,BOOK-NOW,Brand-committed shopper; call must surface current sailings and price one,fwd-RC-p003-BOOK,0.20,Royal Caribbean Cruises,Compare Sailings And Dates,Call A Cruise Specialist
RC-p003-BOOK,p003--adults,p003,/en/go/lines/royal-caribbean/,adults only cruise royal caribbean,"phrase (discovery, negatives applied)",1000,BOOK-NOW,Brand-committed shopper; call must surface current sailings and price one,fwd-RC-p003-BOOK,0.20,Royal Caribbean Cruises,Compare Sailings And Dates,Call A Cruise Specialist
RC-p003-BOOK,p003--adults,p003,/en/go/lines/royal-caribbean/,royal caribbean adults only,exact,210,BOOK-NOW,Brand-committed shopper; call must surface current sailings and price one,fwd-RC-p003-BOOK,0.29,Royal Caribbean Cruises,Compare Sailings And Dates,Call A Cruise Specialist
RC-npq-ship-icon-of-the-seas-BOOK,npq-ship-icon-of-the-seas--core,npq-ship-icon-of-the-seas,/en/go/ships/icon-of-the-seas/,ultimate family townhouse icon of the seas,exact,390,BOOK-NOW,Knows the ship; call must present its itineraries and price dates,fwd-RC-npq-ship-icon-of-the-seas-BOOK,0.30,Icon Of The Seas Cruises,Check Icon Sailing Dates,Talk To A Cruise Specialist
RC-npq-ship-icon-of-the-seas-BOOK,npq-ship-icon-of-the-seas--core,npq-ship-icon-of-the-seas,/en/go/ships/icon-of-the-seas/,ultimate family townhouse icon of the seas,"phrase (discovery, negatives applied)",390,BOOK-NOW,Knows the ship; call must present its itineraries and price dates,fwd-RC-npq-ship-icon-of-the-seas-BOOK,0.30,Icon Of The Seas Cruises,Check Icon Sailing Dates,Talk To A Cruise Specialist
RC-npq-ship-icon-of-the-seas-BOOK,npq-ship-icon-of-the-seas--core,npq-ship-icon-of-the-seas,/en/go/ships/icon-of-the-seas/,surfside family suite icon of the seas,exact,320,BOOK-NOW,Knows the ship; call must present its itineraries and price dates,fwd-RC-npq-ship-icon-of-the-seas-BOOK,0.91,Icon Of The Seas Cruises,Check Icon Sailing Dates,Talk To A Cruise Specialist
RC-npq-ship-icon-of-the-seas-BOOK,npq-ship-icon-of-the-seas--core,npq-ship-icon-of-the-seas,/en/go/ships/icon-of-the-seas/,icon of the seas family suite,exact,260,BOOK-NOW,Knows the ship; call must present its itineraries and price dates,fwd-RC-npq-ship-icon-of-the-seas-BOOK,0.20,Icon Of The Seas Cruises,Check Icon Sailing Dates,Talk To A Cruise Specialist
RC-npq-ship-icon-of-the-seas-BOOK,npq-ship-icon-of-the-seas--core,npq-ship-icon-of-the-seas,/en/go/ships/icon-of-the-seas/,family infinite ocean view balcony icon of the seas,exact,210,BOOK-NOW,Knows the ship; call must present its itineraries and price dates,fwd-RC-npq-ship-icon-of-the-seas-BOOK,0.82,Icon Of The Seas Cruises,Check Icon Sailing Dates,Talk To A Cruise Specialist
RC-npq-ship-icon-of-the-seas-BOOK,npq-ship-icon-of-the-seas--book,npq-ship-icon-of-the-seas,/en/go/ships/icon-of-the-seas/,icon of the seas book,exact,1000,BOOK-NOW,Knows the ship; call must present its itineraries and price dates,fwd-RC-npq-ship-icon-of-the-seas-BOOK,0.20,Icon Of The Seas Cruises,Check Icon Sailing Dates,Talk To A Cruise Specialist
RC-npq-ship-icon-of-the-seas-BOOK,npq-ship-icon-of-the-seas--book,npq-ship-icon-of-the-seas,/en/go/ships/icon-of-the-seas/,icon of the seas book,"phrase (discovery, negatives applied)",1000,BOOK-NOW,Knows the ship; call must present its itineraries and price dates,fwd-RC-npq-ship-icon-of-the-seas-BOOK,0.20,Icon Of The Seas Cruises,Check Icon Sailing Dates,Talk To A Cruise Specialist
RC-npq-ship-icon-of-the-seas-BOOK,npq-ship-icon-of-the-seas--book,npq-ship-icon-of-the-seas,/en/go/ships/icon-of-the-seas/,royal caribbean icon of the seas book,exact,140,BOOK-NOW,Knows the ship; call must present its itineraries and price dates,fwd-RC-npq-ship-icon-of-the-seas-BOOK,0.31,Icon Of The Seas Cruises,Check Icon Sailing Dates,Talk To A Cruise Specialist
RC-p003-BOOK,p003--cheap,p003,/en/go/lines/royal-caribbean/,cheap royal caribbean cruises,exact,1000,BOOK-NOW,Brand-committed shopper; call must surface current sailings and price one,fwd-RC-p003-BOOK,0.61,Value Royal Caribbean Trips,Lower Priced Season Dates,Call A Cruise Specialist
RC-p003-BOOK,p003--cheap,p003,/en/go/lines/royal-caribbean/,cheap royal caribbean cruises,"phrase (discovery, negatives applied)",1000,BOOK-NOW,Brand-committed shopper; call must surface current sailings and price one,fwd-RC-p003-BOOK,0.61,Value Royal Caribbean Trips,Lower Priced Season Dates,Call A Cruise Specialist
RC-npq-rci-5-6-night-BOOK,npq-rci-5-6-night--core,npq-rci-5-6-night,/en/go/lines/royal-caribbean/5-6-night-cruises/,royal caribbean 5 day cruise,exact,1000,BOOK-NOW,Knows trip length; call must present port and date options with pricing,fwd-RC-npq-rci-5-6-night-BOOK,0.20,5 And 6 Night Cruises,Royal Caribbean Getaways,Call For Dates And Cabins
RC-npq-rci-5-6-night-BOOK,npq-rci-5-6-night--core,npq-rci-5-6-night,/en/go/lines/royal-caribbean/5-6-night-cruises/,royal caribbean 5 day cruise,"phrase (discovery, negatives applied)",1000,BOOK-NOW,Knows trip length; call must present port and date options with pricing,fwd-RC-npq-rci-5-6-night-BOOK,0.20,5 And 6 Night Cruises,Royal Caribbean Getaways,Call For Dates And Cabins
RC-npq-ship-quantum-of-the-seas-BOOK,npq-ship-quantum-of-the-seas--alaska,npq-ship-quantum-of-the-seas,/en/go/ships/quantum-of-the-seas/,quantum of the seas alaska,exact,590,BOOK-NOW,Knows the ship; call must present its itineraries and price dates,fwd-RC-npq-ship-quantum-of-the-seas-BOOK,0.41,Quantum Of The Seas Cruises,Check Quantum Sailing Dates,Talk To A Cruise Specialist
RC-npq-ship-quantum-of-the-seas-BOOK,npq-ship-quantum-of-the-seas--alaska,npq-ship-quantum-of-the-seas,/en/go/ships/quantum-of-the-seas/,quantum of the seas alaska,"phrase (discovery, negatives applied)",590,BOOK-NOW,Knows the ship; call must present its itineraries and price dates,fwd-RC-npq-ship-quantum-of-the-seas-BOOK,0.41,Quantum Of The Seas Cruises,Check Quantum Sailing Dates,Talk To A Cruise Specialist
RC-npq-ship-quantum-of-the-seas-BOOK,npq-ship-quantum-of-the-seas--alaska,npq-ship-quantum-of-the-seas,/en/go/ships/quantum-of-the-seas/,quantum of the seas alaska cruise,exact,260,BOOK-NOW,Knows the ship; call must present its itineraries and price dates,fwd-RC-npq-ship-quantum-of-the-seas-BOOK,0.61,Quantum Of The Seas Cruises,Check Quantum Sailing Dates,Talk To A Cruise Specialist
RC-npq-ship-quantum-of-the-seas-BOOK,npq-ship-quantum-of-the-seas--alaska,npq-ship-quantum-of-the-seas,/en/go/ships/quantum-of-the-seas/,royal caribbean quantum of the seas alaska cruise,exact,110,BOOK-NOW,Knows the ship; call must present its itineraries and price dates,fwd-RC-npq-ship-quantum-of-the-seas-BOOK,0.20,Quantum Of The Seas Cruises,Check Quantum Sailing Dates,Talk To A Cruise Specialist
RC-npq-rci-miami-BOOK,npq-rci-miami--2-4-night,npq-rci-miami,/en/go/lines/royal-caribbean/from/miami/?nights=3,royal caribbean 3 day cruise miami,exact,390,BOOK-NOW,"Knows line and departure port; call must present sailings, dates and cabin pricing",fwd-RC-npq-rci-miami-BOOK,0.25,Royal Caribbean From Miami,Miami Sailings And Dates,Talk To A Cruise Specialist
RC-npq-rci-miami-BOOK,npq-rci-miami--2-4-night,npq-rci-miami,/en/go/lines/royal-caribbean/from/miami/?nights=3,royal caribbean 3 day cruise miami,"phrase (discovery, negatives applied)",390,BOOK-NOW,"Knows line and departure port; call must present sailings, dates and cabin pricing",fwd-RC-npq-rci-miami-BOOK,0.25,Royal Caribbean From Miami,Miami Sailings And Dates,Talk To A Cruise Specialist
RC-npq-rci-miami-BOOK,npq-rci-miami--2-4-night,npq-rci-miami,/en/go/lines/royal-caribbean/from/miami/,royal caribbean weekend cruise from miami,exact,390,BOOK-NOW,"Knows line and departure port; call must present sailings, dates and cabin pricing",fwd-RC-npq-rci-miami-BOOK,0.20,Royal Caribbean From Miami,Miami Sailings And Dates,Talk To A Cruise Specialist
RC-npq-rci-miami-BOOK,npq-rci-miami--2-4-night,npq-rci-miami,/en/go/lines/royal-caribbean/from/miami/?nights=4,royal caribbean 4 day cruise from miami,exact,140,BOOK-NOW,"Knows line and departure port; call must present sailings, dates and cabin pricing",fwd-RC-npq-rci-miami-BOOK,0.22,Royal Caribbean From Miami,Miami Sailings And Dates,Talk To A Cruise Specialist
RC-p001-BOOK,p001--7-night,p001,/en/go/itineraries/7-night-bahamas-perfect-day-from-new-york/,7 night bahamas cruise royal caribbean,exact,880,BOOK-NOW,Knows itinerary (7n Bahamas ex NY); call must price exact dates and cabin,fwd-RC-p001-BOOK,0.26,7 Night Bahamas From New York,Check Sailing Dates By Phone,Talk To A Cruise Specialist
RC-p001-BOOK,p001--7-night,p001,/en/go/itineraries/7-night-bahamas-perfect-day-from-new-york/,7 night bahamas cruise royal caribbean,"phrase (discovery, negatives applied)",880,BOOK-NOW,Knows itinerary (7n Bahamas ex NY); call must price exact dates and cabin,fwd-RC-p001-BOOK,0.26,7 Night Bahamas From New York,Check Sailing Dates By Phone,Talk To A Cruise Specialist
RC-p001-BOOK,p001--7-night,p001,/en/go/itineraries/7-night-bahamas-perfect-day-from-new-york/,royal caribbean 7 day bahamas cruise,exact,30,BOOK-NOW,Knows itinerary (7n Bahamas ex NY); call must price exact dates and cabin,fwd-RC-p001-BOOK,0.30,7 Night Bahamas From New York,Check Sailing Dates By Phone,Talk To A Cruise Specialist
RC-npq-ship-wonder-of-the-seas-BOOK,npq-ship-wonder-of-the-seas--prices,npq-ship-wonder-of-the-seas,/en/go/ships/wonder-of-the-seas/,wonder of the seas ticket price,exact,720,BOOK-NOW,Knows the ship; call must present its itineraries and price dates,fwd-RC-npq-ship-wonder-of-the-seas-BOOK,0.20,Wonder Of The Seas Cruises,Check Wonder Sailing Dates,Talk To A Cruise Specialist
RC-npq-ship-wonder-of-the-seas-BOOK,npq-ship-wonder-of-the-seas--prices,npq-ship-wonder-of-the-seas,/en/go/ships/wonder-of-the-seas/,wonder of the seas ticket price,"phrase (discovery, negatives applied)",720,BOOK-NOW,Knows the ship; call must present its itineraries and price dates,fwd-RC-npq-ship-wonder-of-the-seas-BOOK,0.20,Wonder Of The Seas Cruises,Check Wonder Sailing Dates,Talk To A Cruise Specialist
RC-npq-rci-7-night-BOOK,npq-rci-7-night--core,npq-rci-7-night,/en/go/lines/royal-caribbean/7-night-cruises/,7 day cruise royal caribbean,exact,720,BOOK-NOW,Knows trip length; call must present port and date options with pricing,fwd-RC-npq-rci-7-night-BOOK,0.20,7 Night Royal Caribbean,Week Long Sailing Options,Call For Dates And Cabins
RC-npq-rci-7-night-BOOK,npq-rci-7-night--core,npq-rci-7-night,/en/go/lines/royal-caribbean/7-night-cruises/,7 day cruise royal caribbean,"phrase (discovery, negatives applied)",720,BOOK-NOW,Knows trip length; call must present port and date options with pricing,fwd-RC-npq-rci-7-night-BOOK,0.20,7 Night Royal Caribbean,Week Long Sailing Options,Call For Dates And Cabins
RC-npq-rci-dest-cococay-BOOK,npq-rci-dest-cococay--2-4-night,npq-rci-dest-cococay,/en/go/lines/royal-caribbean/to/cococay/?nights=3,3 night bahamas & perfect day cruise,exact,390,BOOK-NOW,"Knows line and destination; call must narrow port, dates and cabin",fwd-RC-npq-rci-dest-cococay-BOOK,1.21,Perfect Day CocoCay Sailings,Compare Sailings And Dates,Call A Cruise Planning Expert
RC-npq-rci-dest-cococay-BOOK,npq-rci-dest-cococay--2-4-night,npq-rci-dest-cococay,/en/go/lines/royal-caribbean/to/cococay/?nights=3,3 night bahamas & perfect day cruise,"phrase (discovery, negatives applied)",390,BOOK-NOW,"Knows line and destination; call must narrow port, dates and cabin",fwd-RC-npq-rci-dest-cococay-BOOK,1.21,Perfect Day CocoCay Sailings,Compare Sailings And Dates,Call A Cruise Planning Expert
RC-npq-rci-dest-cococay-BOOK,npq-rci-dest-cococay--2-4-night,npq-rci-dest-cococay,/en/go/lines/royal-caribbean/to/cococay/?nights=4,royal caribbean 4 night bahamas & perfect day cruise,exact,140,BOOK-NOW,"Knows line and destination; call must narrow port, dates and cabin",fwd-RC-npq-rci-dest-cococay-BOOK,0.72,Perfect Day CocoCay Sailings,Compare Sailings And Dates,Call A Cruise Planning Expert
RC-npq-rci-dest-cococay-BOOK,npq-rci-dest-cococay--2-4-night,npq-rci-dest-cococay,/en/go/lines/royal-caribbean/to/cococay/?nights=3,royal caribbean 3 night bahamas & perfect day cruise,exact,140,BOOK-NOW,"Knows line and destination; call must narrow port, dates and cabin",fwd-RC-npq-rci-dest-cococay-BOOK,0.90,Perfect Day CocoCay Sailings,Compare Sailings And Dates,Call A Cruise Planning Expert
RC-p002-BOOK,p002--symphony,p002,/en/go/lines/royal-caribbean/from/galveston/,symphony of the seas galveston,exact,590,BOOK-NOW,"Knows line and departure port; call must present sailings, dates and cabin pricing",fwd-RC-p002-BOOK,0.37,Royal Caribbean From Galveston,Galveston Sailings And Dates,Talk To A Cruise Specialist
RC-p002-BOOK,p002--symphony,p002,/en/go/lines/royal-caribbean/from/galveston/,symphony of the seas galveston,"phrase (discovery, negatives applied)",590,BOOK-NOW,"Knows line and departure port; call must present sailings, dates and cabin pricing",fwd-RC-p002-BOOK,0.37,Royal Caribbean From Galveston,Galveston Sailings And Dates,Talk To A Cruise Specialist
RC-npq-ship-anthem-of-the-seas-BOOK,npq-ship-anthem-of-the-seas--caribbean,npq-ship-anthem-of-the-seas,/en/go/ships/anthem-of-the-seas/,caribbean cruise anthem of the seas,exact,590,BOOK-NOW,Knows the ship; call must present its itineraries and price dates,fwd-RC-npq-ship-anthem-of-the-seas-BOOK,0.20,Anthem Of The Seas Cruises,Check Anthem Sailing Dates,Talk To A Cruise Specialist
RC-npq-ship-anthem-of-the-seas-BOOK,npq-ship-anthem-of-the-seas--caribbean,npq-ship-anthem-of-the-seas,/en/go/ships/anthem-of-the-seas/,caribbean cruise anthem of the seas,"phrase (discovery, negatives applied)",590,BOOK-NOW,Knows the ship; call must present its itineraries and price dates,fwd-RC-npq-ship-anthem-of-the-seas-BOOK,0.20,Anthem Of The Seas Cruises,Check Anthem Sailing Dates,Talk To A Cruise Specialist
RC-npq-ship-ovation-of-the-seas-BOOK,npq-ship-ovation-of-the-seas--alaska,npq-ship-ovation-of-the-seas,/en/go/ships/ovation-of-the-seas/,ovation of the seas alaska cruise,exact,390,BOOK-NOW,Knows the ship; call must present its itineraries and price dates,fwd-RC-npq-ship-ovation-of-the-seas-BOOK,0.24,Ovation Of The Seas Cruises,Check Ovation Sailing Dates,Talk To A Cruise Specialist
RC-npq-ship-ovation-of-the-seas-BOOK,npq-ship-ovation-of-the-seas--alaska,npq-ship-ovation-of-the-seas,/en/go/ships/ovation-of-the-seas/,ovation of the seas alaska cruise,"phrase (discovery, negatives applied)",390,BOOK-NOW,Knows the ship; call must present its itineraries and price dates,fwd-RC-npq-ship-ovation-of-the-seas-BOOK,0.24,Ovation Of The Seas Cruises,Check Ovation Sailing Dates,Talk To A Cruise Specialist
RC-npq-ship-ovation-of-the-seas-BOOK,npq-ship-ovation-of-the-seas--alaska,npq-ship-ovation-of-the-seas,/en/go/ships/ovation-of-the-seas/,royal caribbean ovation of the seas alaska,exact,140,BOOK-NOW,Knows the ship; call must present its itineraries and price dates,fwd-RC-npq-ship-ovation-of-the-seas-BOOK,0.20,Ovation Of The Seas Cruises,Check Ovation Sailing Dates,Talk To A Cruise Specialist
RC-npq-rci-port-canaveral-BOOK,npq-rci-port-canaveral--2-4-night,npq-rci-port-canaveral,/en/go/lines/royal-caribbean/from/port-canaveral/?nights=3,royal caribbean 3 day cruise from port canaveral,exact,320,BOOK-NOW,"Knows line and departure port; call must present sailings, dates and cabin pricing",fwd-RC-npq-rci-port-canaveral-BOOK,0.32,Royal Caribbean Port Canaveral,Sailings And Departure Dates,Talk To A Cruise Specialist
RC-npq-rci-port-canaveral-BOOK,npq-rci-port-canaveral--2-4-night,npq-rci-port-canaveral,/en/go/lines/royal-caribbean/from/port-canaveral/?nights=3,royal caribbean 3 day cruise from port canaveral,"phrase (discovery, negatives applied)",320,BOOK-NOW,"Knows line and departure port; call must present sailings, dates and cabin pricing",fwd-RC-npq-rci-port-canaveral-BOOK,0.32,Royal Caribbean Port Canaveral,Sailings And Departure Dates,Talk To A Cruise Specialist
RC-npq-rci-port-canaveral-BOOK,npq-rci-port-canaveral--2-4-night,npq-rci-port-canaveral,/en/go/lines/royal-caribbean/from/port-canaveral/?nights=4,royal caribbean 4 day cruise from port canaveral,exact,170,BOOK-NOW,"Knows line and departure port; call must present sailings, dates and cabin pricing",fwd-RC-npq-rci-port-canaveral-BOOK,0.20,Royal Caribbean Port Canaveral,Sailings And Departure Dates,Talk To A Cruise Specialist
RC-npq-ship-oasis-of-the-seas-BOOK,npq-ship-oasis-of-the-seas--prices,npq-ship-oasis-of-the-seas,/en/go/ships/oasis-of-the-seas/,oasis of the seas ticket cost,exact,480,BOOK-NOW,Knows the ship; call must present its itineraries and price dates,fwd-RC-npq-ship-oasis-of-the-seas-BOOK,0.20,Oasis Of The Seas Cruises,Check Oasis Sailing Dates,Talk To A Cruise Specialist
RC-npq-ship-oasis-of-the-seas-BOOK,npq-ship-oasis-of-the-seas--prices,npq-ship-oasis-of-the-seas,/en/go/ships/oasis-of-the-seas/,oasis of the seas ticket cost,"phrase (discovery, negatives applied)",480,BOOK-NOW,Knows the ship; call must present its itineraries and price dates,fwd-RC-npq-ship-oasis-of-the-seas-BOOK,0.20,Oasis Of The Seas Cruises,Check Oasis Sailing Dates,Talk To A Cruise Specialist
RC-npq-rci-miami-BOOK,npq-rci-miami--bahamas,npq-rci-miami,/en/go/lines/royal-caribbean/from/miami/,royal caribbean cruise from miami to bahamas,exact,480,BOOK-NOW,"Knows line and departure port; call must present sailings, dates and cabin pricing",fwd-RC-npq-rci-miami-BOOK,0.20,Royal Caribbean From Miami,Miami Sailings And Dates,Talk To A Cruise Specialist
RC-npq-rci-miami-BOOK,npq-rci-miami--bahamas,npq-rci-miami,/en/go/lines/royal-caribbean/from/miami/,royal caribbean cruise from miami to bahamas,"phrase (discovery, negatives applied)",480,BOOK-NOW,"Knows line and departure port; call must present sailings, dates and cabin pricing",fwd-RC-npq-rci-miami-BOOK,0.20,Royal Caribbean From Miami,Miami Sailings And Dates,Talk To A Cruise Specialist
RC-p002-BOOK,p002--harmony,p002,/en/go/lines/royal-caribbean/from/galveston/,harmony of the seas galveston,exact,480,BOOK-NOW,"PAUSE-AT-LAUNCH: no bookable inventory, see lp-system/out/verification-2026-07-29.md. Knows line and departure port; call must present sailings, dates and cabin pricing",fwd-RC-p002-BOOK,0.45,Royal Caribbean From Galveston,Galveston Sailings And Dates,Talk To A Cruise Specialist
RC-p002-BOOK,p002--harmony,p002,/en/go/lines/royal-caribbean/from/galveston/,harmony of the seas galveston,"phrase (discovery, negatives applied)",480,BOOK-NOW,"PAUSE-AT-LAUNCH: no bookable inventory, see lp-system/out/verification-2026-07-29.md. Knows line and departure port; call must present sailings, dates and cabin pricing",fwd-RC-p002-BOOK,0.45,Royal Caribbean From Galveston,Galveston Sailings And Dates,Talk To A Cruise Specialist
RC-npq-rci-miami-BOOK,npq-rci-miami--deals,npq-rci-miami,/en/go/lines/royal-caribbean/from/miami/,royal caribbean cruise deals from miami,exact,480,BOOK-NOW,"Knows line and departure port; call must present sailings, dates and cabin pricing",fwd-RC-npq-rci-miami-BOOK,0.43,Royal Caribbean From Miami,Miami Sailings And Dates,Talk To A Cruise Specialist
RC-npq-rci-miami-BOOK,npq-rci-miami--deals,npq-rci-miami,/en/go/lines/royal-caribbean/from/miami/,royal caribbean cruise deals from miami,"phrase (discovery, negatives applied)",480,BOOK-NOW,"Knows line and departure port; call must present sailings, dates and cabin pricing",fwd-RC-npq-rci-miami-BOOK,0.43,Royal Caribbean From Miami,Miami Sailings And Dates,Talk To A Cruise Specialist
RC-npq-rci-dest-bahamas-BOOK,npq-rci-dest-bahamas--2-4-night,npq-rci-dest-bahamas,/en/go/lines/royal-caribbean/to/bahamas/?nights=3,3 day bahamas cruise royal caribbean,exact,260,BOOK-NOW,"Knows line and destination; call must narrow port, dates and cabin",fwd-RC-npq-rci-dest-bahamas-BOOK,0.33,Bahamas Sailings,Compare Sailings And Dates,Call A Cruise Planning Expert
RC-npq-rci-dest-bahamas-BOOK,npq-rci-dest-bahamas--2-4-night,npq-rci-dest-bahamas,/en/go/lines/royal-caribbean/to/bahamas/?nights=3,3 day bahamas cruise royal caribbean,"phrase (discovery, negatives applied)",260,BOOK-NOW,"Knows line and destination; call must narrow port, dates and cabin",fwd-RC-npq-rci-dest-bahamas-BOOK,0.33,Bahamas Sailings,Compare Sailings And Dates,Call A Cruise Planning Expert
RC-npq-rci-dest-bahamas-BOOK,npq-rci-dest-bahamas--2-4-night,npq-rci-dest-bahamas,/en/go/lines/royal-caribbean/to/bahamas/?nights=3,royal caribbean cruise bahamas 3 nights,exact,140,BOOK-NOW,"Knows line and destination; call must narrow port, dates and cabin",fwd-RC-npq-rci-dest-bahamas-BOOK,0.48,Bahamas Sailings,Compare Sailings And Dates,Call A Cruise Planning Expert
RC-p003-BOOK,p003--seniors,p003,/en/go/lines/royal-caribbean/,royal caribbean senior discount,exact,390,BOOK-NOW,Brand-committed shopper; call must surface current sailings and price one,fwd-RC-p003-BOOK,0.83,Royal Caribbean Cruises,Compare Sailings And Dates,Call A Cruise Specialist
RC-p003-BOOK,p003--seniors,p003,/en/go/lines/royal-caribbean/,royal caribbean senior discount,"phrase (discovery, negatives applied)",390,BOOK-NOW,Brand-committed shopper; call must surface current sailings and price one,fwd-RC-p003-BOOK,0.83,Royal Caribbean Cruises,Compare Sailings And Dates,Call A Cruise Specialist
RC-npq-rci-dest-western-caribbean-BOOK,npq-rci-dest-western-caribbean--7-night,npq-rci-dest-western-caribbean,/en/go/lines/royal-caribbean/to/western-caribbean/?nights=7,7 day western caribbean cruise royal caribbean,exact,390,BOOK-NOW,"Knows line and destination; call must narrow port, dates and cabin",fwd-RC-npq-rci-dest-western-caribbean-BOOK,0.25,Western Caribbean Sailings,Compare Sailings And Dates,Call A Cruise Planning Expert
RC-npq-rci-dest-western-caribbean-BOOK,npq-rci-dest-western-caribbean--7-night,npq-rci-dest-western-caribbean,/en/go/lines/royal-caribbean/to/western-caribbean/?nights=7,7 day western caribbean cruise royal caribbean,"phrase (discovery, negatives applied)",390,BOOK-NOW,"Knows line and destination; call must narrow port, dates and cabin",fwd-RC-npq-rci-dest-western-caribbean-BOOK,0.25,Western Caribbean Sailings,Compare Sailings And Dates,Call A Cruise Planning Expert
RC-npq-rci-miami-BOOK,npq-rci-miami--7-night,npq-rci-miami,/en/go/lines/royal-caribbean/from/miami/?nights=7,royal caribbean 7 day cruise from miami,exact,390,BOOK-NOW,"Knows line and departure port; call must present sailings, dates and cabin pricing",fwd-RC-npq-rci-miami-BOOK,0.23,Royal Caribbean From Miami,Miami Sailings And Dates,Talk To A Cruise Specialist
RC-npq-rci-miami-BOOK,npq-rci-miami--7-night,npq-rci-miami,/en/go/lines/royal-caribbean/from/miami/?nights=7,royal caribbean 7 day cruise from miami,"phrase (discovery, negatives applied)",390,BOOK-NOW,"Knows line and departure port; call must present sailings, dates and cabin pricing",fwd-RC-npq-rci-miami-BOOK,0.23,Royal Caribbean From Miami,Miami Sailings And Dates,Talk To A Cruise Specialist
RC-npq-ship-symphony-of-the-seas-BOOK,npq-ship-symphony-of-the-seas--prices,npq-ship-symphony-of-the-seas,/en/go/ships/symphony-of-the-seas/,symphony of the seas ticket price,exact,390,BOOK-NOW,Knows the ship; call must present its itineraries and price dates,fwd-RC-npq-ship-symphony-of-the-seas-BOOK,0.20,Symphony Of The Seas Cruises,Check Symphony Sailing Dates,Talk To A Cruise Specialist
RC-npq-ship-symphony-of-the-seas-BOOK,npq-ship-symphony-of-the-seas--prices,npq-ship-symphony-of-the-seas,/en/go/ships/symphony-of-the-seas/,symphony of the seas ticket price,"phrase (discovery, negatives applied)",390,BOOK-NOW,Knows the ship; call must present its itineraries and price dates,fwd-RC-npq-ship-symphony-of-the-seas-BOOK,0.20,Symphony Of The Seas Cruises,Check Symphony Sailing Dates,Talk To A Cruise Specialist
RC-npq-ship-harmony-of-the-seas-BOOK,npq-ship-harmony-of-the-seas--prices,npq-ship-harmony-of-the-seas,/en/go/ships/harmony-of-the-seas/,harmony of the seas ticket price,exact,320,BOOK-NOW,Knows the ship; call must present its itineraries and price dates,fwd-RC-npq-ship-harmony-of-the-seas-BOOK,0.20,Harmony Of The Seas Cruises,Check Harmony Sailing Dates,Talk To A Cruise Specialist
RC-npq-ship-harmony-of-the-seas-BOOK,npq-ship-harmony-of-the-seas--prices,npq-ship-harmony-of-the-seas,/en/go/ships/harmony-of-the-seas/,harmony of the seas ticket price,"phrase (discovery, negatives applied)",320,BOOK-NOW,Knows the ship; call must present its itineraries and price dates,fwd-RC-npq-ship-harmony-of-the-seas-BOOK,0.20,Harmony Of The Seas Cruises,Check Harmony Sailing Dates,Talk To A Cruise Specialist
RC-npq-ship-allure-of-the-seas-BOOK,npq-ship-allure-of-the-seas--prices,npq-ship-allure-of-the-seas,/en/go/ships/allure-of-the-seas/,allure of the seas ticket price,exact,320,BOOK-NOW,Knows the ship; call must present its itineraries and price dates,fwd-RC-npq-ship-allure-of-the-seas-BOOK,0.22,Allure Of The Seas Cruises,Check Allure Sailing Dates,Talk To A Cruise Specialist
RC-npq-ship-allure-of-the-seas-BOOK,npq-ship-allure-of-the-seas--prices,npq-ship-allure-of-the-seas,/en/go/ships/allure-of-the-seas/,allure of the seas ticket price,"phrase (discovery, negatives applied)",320,BOOK-NOW,Knows the ship; call must present its itineraries and price dates,fwd-RC-npq-ship-allure-of-the-seas-BOOK,0.22,Allure Of The Seas Cruises,Check Allure Sailing Dates,Talk To A Cruise Specialist
RC-p002-BOOK,p002--allure,p002,/en/go/lines/royal-caribbean/from/galveston/,allure of the seas galveston,exact,320,BOOK-NOW,"PAUSE-AT-LAUNCH: no bookable inventory, see lp-system/out/verification-2026-07-29.md. Knows line and departure port; call must present sailings, dates and cabin pricing",fwd-RC-p002-BOOK,0.20,Royal Caribbean From Galveston,Galveston Sailings And Dates,Talk To A Cruise Specialist
RC-p002-BOOK,p002--allure,p002,/en/go/lines/royal-caribbean/from/galveston/,allure of the seas galveston,"phrase (discovery, negatives applied)",320,BOOK-NOW,"PAUSE-AT-LAUNCH: no bookable inventory, see lp-system/out/verification-2026-07-29.md. Knows line and departure port; call must present sailings, dates and cabin pricing",fwd-RC-p002-BOOK,0.20,Royal Caribbean From Galveston,Galveston Sailings And Dates,Talk To A Cruise Specialist
RC-npq-rci-dest-mediterranean-BOOK,npq-rci-dest-mediterranean--7-night,npq-rci-dest-mediterranean,/en/go/lines/royal-caribbean/to/mediterranean/?nights=7,7 day mediterranean cruise royal caribbean,exact,170,BOOK-NOW,"Knows line and destination; call must narrow port, dates and cabin",fwd-RC-npq-rci-dest-mediterranean-BOOK,0.20,Mediterranean Sailings,Compare Sailings And Dates,Call A Cruise Planning Expert
RC-npq-rci-dest-mediterranean-BOOK,npq-rci-dest-mediterranean--7-night,npq-rci-dest-mediterranean,/en/go/lines/royal-caribbean/to/mediterranean/?nights=7,7 day mediterranean cruise royal caribbean,"phrase (discovery, negatives applied)",170,BOOK-NOW,"Knows line and destination; call must narrow port, dates and cabin",fwd-RC-npq-rci-dest-mediterranean-BOOK,0.20,Mediterranean Sailings,Compare Sailings And Dates,Call A Cruise Planning Expert
RC-npq-rci-dest-mediterranean-BOOK,npq-rci-dest-mediterranean--7-night,npq-rci-dest-mediterranean,/en/go/lines/royal-caribbean/to/mediterranean/?nights=7,royal caribbean 7 night western mediterranean cruise,exact,110,BOOK-NOW,"Knows line and destination; call must narrow port, dates and cabin",fwd-RC-npq-rci-dest-mediterranean-BOOK,0.33,Mediterranean Sailings,Compare Sailings And Dates,Call A Cruise Planning Expert
RC-npq-rci-dest-southern-caribbean-BOOK,npq-rci-dest-southern-caribbean--7-night,npq-rci-dest-southern-caribbean,/en/go/lines/royal-caribbean/to/southern-caribbean/?nights=8,8 day southern caribbean cruise royal caribbean,exact,260,BOOK-NOW,"Knows line and destination; call must narrow port, dates and cabin",fwd-RC-npq-rci-dest-southern-caribbean-BOOK,0.25,Southern Caribbean Sailings,Compare Sailings And Dates,Call A Cruise Planning Expert
RC-npq-rci-dest-southern-caribbean-BOOK,npq-rci-dest-southern-caribbean--7-night,npq-rci-dest-southern-caribbean,/en/go/lines/royal-caribbean/to/southern-caribbean/?nights=8,8 day southern caribbean cruise royal caribbean,"phrase (discovery, negatives applied)",260,BOOK-NOW,"Knows line and destination; call must narrow port, dates and cabin",fwd-RC-npq-rci-dest-southern-caribbean-BOOK,0.25,Southern Caribbean Sailings,Compare Sailings And Dates,Call A Cruise Planning Expert
RC-npq-rci-baltimore-BOOK,npq-rci-baltimore--bermuda,npq-rci-baltimore,/en/go/lines/royal-caribbean/from/baltimore/,royal caribbean cruise to bermuda from baltimore,exact,260,BOOK-NOW,"Knows line and departure port; call must present sailings, dates and cabin pricing",fwd-RC-npq-rci-baltimore-BOOK,0.20,Royal Caribbean From Baltimore,Baltimore Sailings And Dates,Talk To A Cruise Specialist
RC-npq-rci-baltimore-BOOK,npq-rci-baltimore--bermuda,npq-rci-baltimore,/en/go/lines/royal-caribbean/from/baltimore/,royal caribbean cruise to bermuda from baltimore,"phrase (discovery, negatives applied)",260,BOOK-NOW,"Knows line and departure port; call must present sailings, dates and cabin pricing",fwd-RC-npq-rci-baltimore-BOOK,0.20,Royal Caribbean From Baltimore,Baltimore Sailings And Dates,Talk To A Cruise Specialist
RC-npq-rci-baltimore-BOOK,npq-rci-baltimore--vision,npq-rci-baltimore,/en/go/lines/royal-caribbean/from/baltimore/,vision of the seas baltimore,exact,260,BOOK-NOW,"Knows line and departure port; call must present sailings, dates and cabin pricing",fwd-RC-npq-rci-baltimore-BOOK,0.35,Royal Caribbean From Baltimore,Baltimore Sailings And Dates,Talk To A Cruise Specialist
RC-npq-rci-baltimore-BOOK,npq-rci-baltimore--vision,npq-rci-baltimore,/en/go/lines/royal-caribbean/from/baltimore/,vision of the seas baltimore,"phrase (discovery, negatives applied)",260,BOOK-NOW,"Knows line and departure port; call must present sailings, dates and cabin pricing",fwd-RC-npq-rci-baltimore-BOOK,0.35,Royal Caribbean From Baltimore,Baltimore Sailings And Dates,Talk To A Cruise Specialist
RC-npq-rci-9-plus-night-BOOK,npq-rci-9-plus-night--core,npq-rci-9-plus-night,/en/go/lines/royal-caribbean/9-plus-night-cruises/,14 day cruise royal caribbean,exact,210,BOOK-NOW,Knows trip length; call must present port and date options with pricing,fwd-RC-npq-rci-9-plus-night-BOOK,0.20,Longer Royal Caribbean Trips,9 Plus Night Sailings,Call For Dates And Cabins
RC-npq-rci-9-plus-night-BOOK,npq-rci-9-plus-night--core,npq-rci-9-plus-night,/en/go/lines/royal-caribbean/9-plus-night-cruises/,14 day cruise royal caribbean,"phrase (discovery, negatives applied)",210,BOOK-NOW,Knows trip length; call must present port and date options with pricing,fwd-RC-npq-rci-9-plus-night-BOOK,0.20,Longer Royal Caribbean Trips,9 Plus Night Sailings,Call For Dates And Cabins
RC-npq-rci-dest-northern-europe-BOOK,npq-rci-dest-northern-europe--core,npq-rci-dest-northern-europe,/en/go/lines/royal-caribbean/to/northern-europe/,royal caribbean baltic cruise,exact,210,BOOK-NOW,"Knows line and destination; call must narrow port, dates and cabin",fwd-RC-npq-rci-dest-northern-europe-BOOK,0.20,Northern Europe Sailings,Compare Sailings And Dates,Call A Cruise Planning Expert
RC-npq-rci-dest-northern-europe-BOOK,npq-rci-dest-northern-europe--core,npq-rci-dest-northern-europe,/en/go/lines/royal-caribbean/to/northern-europe/,royal caribbean baltic cruise,"phrase (discovery, negatives applied)",210,BOOK-NOW,"Knows line and destination; call must narrow port, dates and cabin",fwd-RC-npq-rci-dest-northern-europe-BOOK,0.20,Northern Europe Sailings,Compare Sailings And Dates,Call A Cruise Planning Expert
RC-p002-BOOK,p002--2-4-night,p002,/en/go/lines/royal-caribbean/from/galveston/?nights=4,royal caribbean 4 day cruise from galveston,exact,210,BOOK-NOW,"Knows line and departure port; call must present sailings, dates and cabin pricing",fwd-RC-p002-BOOK,0.20,Royal Caribbean From Galveston,Galveston Sailings And Dates,Talk To A Cruise Specialist
RC-p002-BOOK,p002--2-4-night,p002,/en/go/lines/royal-caribbean/from/galveston/?nights=4,royal caribbean 4 day cruise from galveston,"phrase (discovery, negatives applied)",210,BOOK-NOW,"Knows line and departure port; call must present sailings, dates and cabin pricing",fwd-RC-p002-BOOK,0.20,Royal Caribbean From Galveston,Galveston Sailings And Dates,Talk To A Cruise Specialist
RC-npq-ship-adventure-of-the-seas-BOOK,npq-ship-adventure-of-the-seas--caribbean,npq-ship-adventure-of-the-seas,/en/go/ships/adventure-of-the-seas/,adventure of the seas caribbean cruise,exact,210,BOOK-NOW,Knows the ship; call must present its itineraries and price dates,fwd-RC-npq-ship-adventure-of-the-seas-BOOK,0.20,Adventure Of The Seas Cruises,Check Adventure Sailing Dates,Talk To A Cruise Specialist
RC-npq-ship-adventure-of-the-seas-BOOK,npq-ship-adventure-of-the-seas--caribbean,npq-ship-adventure-of-the-seas,/en/go/ships/adventure-of-the-seas/,adventure of the seas caribbean cruise,"phrase (discovery, negatives applied)",210,BOOK-NOW,Knows the ship; call must present its itineraries and price dates,fwd-RC-npq-ship-adventure-of-the-seas-BOOK,0.20,Adventure Of The Seas Cruises,Check Adventure Sailing Dates,Talk To A Cruise Specialist
RC-npq-ship-icon-of-the-seas-BOOK,npq-ship-icon-of-the-seas--deals,npq-ship-icon-of-the-seas,/en/go/ships/icon-of-the-seas/,icon of the seas deals,exact,170,BOOK-NOW,Knows the ship; call must present its itineraries and price dates,fwd-RC-npq-ship-icon-of-the-seas-BOOK,0.56,Icon Of The Seas Cruises,Check Icon Sailing Dates,Talk To A Cruise Specialist
RC-npq-ship-icon-of-the-seas-BOOK,npq-ship-icon-of-the-seas--deals,npq-ship-icon-of-the-seas,/en/go/ships/icon-of-the-seas/,icon of the seas deals,"phrase (discovery, negatives applied)",170,BOOK-NOW,Knows the ship; call must present its itineraries and price dates,fwd-RC-npq-ship-icon-of-the-seas-BOOK,0.56,Icon Of The Seas Cruises,Check Icon Sailing Dates,Talk To A Cruise Specialist
RC-npq-rci-cape-liberty-BOOK,npq-rci-cape-liberty--bermuda,npq-rci-cape-liberty,/en/go/lines/royal-caribbean/from/cape-liberty/,royal caribbean cruises from new york to bermuda,exact,170,BOOK-NOW,"Knows line and departure port; call must present sailings, dates and cabin pricing",fwd-RC-npq-rci-cape-liberty-BOOK,0.20,Royal Caribbean From New York,New York Sailings And Dates,Talk To A Cruise Specialist
RC-npq-rci-cape-liberty-BOOK,npq-rci-cape-liberty--bermuda,npq-rci-cape-liberty,/en/go/lines/royal-caribbean/from/cape-liberty/,royal caribbean cruises from new york to bermuda,"phrase (discovery, negatives applied)",170,BOOK-NOW,"Knows line and departure port; call must present sailings, dates and cabin pricing",fwd-RC-npq-rci-cape-liberty-BOOK,0.20,Royal Caribbean From New York,New York Sailings And Dates,Talk To A Cruise Specialist
RC-npq-rci-port-canaveral-BOOK,npq-rci-port-canaveral--7-night,npq-rci-port-canaveral,/en/go/lines/royal-caribbean/from/port-canaveral/?nights=7,royal caribbean 7 day cruise from port canaveral,exact,170,BOOK-NOW,"Knows line and departure port; call must present sailings, dates and cabin pricing",fwd-RC-npq-rci-port-canaveral-BOOK,0.22,Royal Caribbean Port Canaveral,Sailings And Departure Dates,Talk To A Cruise Specialist
RC-npq-rci-port-canaveral-BOOK,npq-rci-port-canaveral--7-night,npq-rci-port-canaveral,/en/go/lines/royal-caribbean/from/port-canaveral/?nights=7,royal caribbean 7 day cruise from port canaveral,"phrase (discovery, negatives applied)",170,BOOK-NOW,"Knows line and departure port; call must present sailings, dates and cabin pricing",fwd-RC-npq-rci-port-canaveral-BOOK,0.22,Royal Caribbean Port Canaveral,Sailings And Departure Dates,Talk To A Cruise Specialist
RC-npq-rci-vancouver-BOOK,npq-rci-vancouver--alaska,npq-rci-vancouver,/en/go/lines/royal-caribbean/from/vancouver/,alaska cruise from vancouver royal caribbean,exact,170,BOOK-NOW,"Knows line and departure port; call must present sailings, dates and cabin pricing",fwd-RC-npq-rci-vancouver-BOOK,0.20,Royal Caribbean From Vancouver,Vancouver Sailings And Dates,Talk To A Cruise Specialist
RC-npq-rci-vancouver-BOOK,npq-rci-vancouver--alaska,npq-rci-vancouver,/en/go/lines/royal-caribbean/from/vancouver/,alaska cruise from vancouver royal caribbean,"phrase (discovery, negatives applied)",170,BOOK-NOW,"Knows line and departure port; call must present sailings, dates and cabin pricing",fwd-RC-npq-rci-vancouver-BOOK,0.20,Royal Caribbean From Vancouver,Vancouver Sailings And Dates,Talk To A Cruise Specialist
RC-p003-BOOK,p003--spring-break,p003,/en/go/lines/royal-caribbean/,royal caribbean spring break cruise,exact,170,BOOK-NOW,Brand-committed shopper; call must surface current sailings and price one,fwd-RC-p003-BOOK,0.20,Royal Caribbean Cruises,Compare Sailings And Dates,Call A Cruise Specialist
RC-p003-BOOK,p003--spring-break,p003,/en/go/lines/royal-caribbean/,royal caribbean spring break cruise,"phrase (discovery, negatives applied)",170,BOOK-NOW,Brand-committed shopper; call must surface current sailings and price one,fwd-RC-p003-BOOK,0.20,Royal Caribbean Cruises,Compare Sailings And Dates,Call A Cruise Specialist
RC-p003-BOOK,p003--cyber-monday,p003,/en/go/lines/royal-caribbean/,royal caribbean cyber monday sale,exact,140,BOOK-NOW,Brand-committed shopper; call must surface current sailings and price one,fwd-RC-p003-BOOK,0.30,Royal Caribbean Cruises,Compare Sailings And Dates,Call A Cruise Specialist
RC-p003-BOOK,p003--cyber-monday,p003,/en/go/lines/royal-caribbean/,royal caribbean cyber monday sale,"phrase (discovery, negatives applied)",140,BOOK-NOW,Brand-committed shopper; call must surface current sailings and price one,fwd-RC-p003-BOOK,0.30,Royal Caribbean Cruises,Compare Sailings And Dates,Call A Cruise Specialist
RC-p003-BOOK,p003--labor-day,p003,/en/go/lines/royal-caribbean/,royal caribbean labor day sale,exact,140,BOOK-NOW,Brand-committed shopper; call must surface current sailings and price one,fwd-RC-p003-BOOK,0.30,Royal Caribbean Cruises,Compare Sailings And Dates,Call A Cruise Specialist
RC-p003-BOOK,p003--labor-day,p003,/en/go/lines/royal-caribbean/,royal caribbean labor day sale,"phrase (discovery, negatives applied)",140,BOOK-NOW,Brand-committed shopper; call must surface current sailings and price one,fwd-RC-p003-BOOK,0.30,Royal Caribbean Cruises,Compare Sailings And Dates,Call A Cruise Specialist
RC-npq-ship-serenade-of-the-seas-BOOK,npq-ship-serenade-of-the-seas--alaska,npq-ship-serenade-of-the-seas,/en/go/ships/serenade-of-the-seas/,serenade of the seas alaska,exact,140,BOOK-NOW,Knows the ship; call must present its itineraries and price dates,fwd-RC-npq-ship-serenade-of-the-seas-BOOK,0.20,Serenade Of The Seas Cruises,Check Serenade Sailing Dates,Talk To A Cruise Specialist
RC-npq-ship-serenade-of-the-seas-BOOK,npq-ship-serenade-of-the-seas--alaska,npq-ship-serenade-of-the-seas,/en/go/ships/serenade-of-the-seas/,serenade of the seas alaska,"phrase (discovery, negatives applied)",140,BOOK-NOW,Knows the ship; call must present its itineraries and price dates,fwd-RC-npq-ship-serenade-of-the-seas-BOOK,0.20,Serenade Of The Seas Cruises,Check Serenade Sailing Dates,Talk To A Cruise Specialist
RC-npq-rci-fort-lauderdale-BOOK,npq-rci-fort-lauderdale--2-4-night,npq-rci-fort-lauderdale,/en/go/lines/royal-caribbean/from/fort-lauderdale/?nights=3,royal caribbean 3 day cruise from fort lauderdale,exact,140,BOOK-NOW,"Knows line and departure port; call must present sailings, dates and cabin pricing",fwd-RC-npq-rci-fort-lauderdale-BOOK,0.33,Royal Caribbean Ft Lauderdale,Sailings And Departure Dates,Talk To A Cruise Specialist
RC-npq-rci-fort-lauderdale-BOOK,npq-rci-fort-lauderdale--2-4-night,npq-rci-fort-lauderdale,/en/go/lines/royal-caribbean/from/fort-lauderdale/?nights=3,royal caribbean 3 day cruise from fort lauderdale,"phrase (discovery, negatives applied)",140,BOOK-NOW,"Knows line and departure port; call must present sailings, dates and cabin pricing",fwd-RC-npq-rci-fort-lauderdale-BOOK,0.33,Royal Caribbean Ft Lauderdale,Sailings And Departure Dates,Talk To A Cruise Specialist
RC-npq-rci-baltimore-BOOK,npq-rci-baltimore--2-4-night,npq-rci-baltimore,/en/go/lines/royal-caribbean/from/baltimore/?nights=3,royal caribbean 3 day cruise from baltimore,exact,140,BOOK-NOW,"Knows line and departure port; call must present sailings, dates and cabin pricing",fwd-RC-npq-rci-baltimore-BOOK,0.20,Royal Caribbean From Baltimore,Baltimore Sailings And Dates,Talk To A Cruise Specialist
RC-npq-rci-baltimore-BOOK,npq-rci-baltimore--2-4-night,npq-rci-baltimore,/en/go/lines/royal-caribbean/from/baltimore/?nights=3,royal caribbean 3 day cruise from baltimore,"phrase (discovery, negatives applied)",140,BOOK-NOW,"Knows line and departure port; call must present sailings, dates and cabin pricing",fwd-RC-npq-rci-baltimore-BOOK,0.20,Royal Caribbean From Baltimore,Baltimore Sailings And Dates,Talk To A Cruise Specialist
RC-npq-rci-dest-bermuda-BOOK,npq-rci-dest-bermuda--5-6-night,npq-rci-dest-bermuda,/en/go/lines/royal-caribbean/to/bermuda/?nights=5,5 night bermuda cruise royal caribbean,exact,140,BOOK-NOW,"Knows line and destination; call must narrow port, dates and cabin",fwd-RC-npq-rci-dest-bermuda-BOOK,0.32,Bermuda Sailings,Compare Sailings And Dates,Call A Cruise Planning Expert
RC-npq-rci-dest-bermuda-BOOK,npq-rci-dest-bermuda--5-6-night,npq-rci-dest-bermuda,/en/go/lines/royal-caribbean/to/bermuda/?nights=5,5 night bermuda cruise royal caribbean,"phrase (discovery, negatives applied)",140,BOOK-NOW,"Knows line and destination; call must narrow port, dates and cabin",fwd-RC-npq-rci-dest-bermuda-BOOK,0.32,Bermuda Sailings,Compare Sailings And Dates,Call A Cruise Planning Expert
RC-npq-ship-symphony-of-the-seas-BOOK,npq-ship-symphony-of-the-seas--core,npq-ship-symphony-of-the-seas,/en/go/ships/symphony-of-the-seas/,symphony of the seas ultimate family suite,exact,140,BOOK-NOW,Knows the ship; call must present its itineraries and price dates,fwd-RC-npq-ship-symphony-of-the-seas-BOOK,0.20,Symphony Of The Seas Cruises,Check Symphony Sailing Dates,Talk To A Cruise Specialist
RC-npq-ship-symphony-of-the-seas-BOOK,npq-ship-symphony-of-the-seas--core,npq-ship-symphony-of-the-seas,/en/go/ships/symphony-of-the-seas/,symphony of the seas ultimate family suite,"phrase (discovery, negatives applied)",140,BOOK-NOW,Knows the ship; call must present its itineraries and price dates,fwd-RC-npq-ship-symphony-of-the-seas-BOOK,0.20,Symphony Of The Seas Cruises,Check Symphony Sailing Dates,Talk To A Cruise Specialist
RC-p003-BOOK,p003--memorial-day,p003,/en/go/lines/royal-caribbean/,royal caribbean memorial day sale,exact,110,BOOK-NOW,Brand-committed shopper; call must surface current sailings and price one,fwd-RC-p003-BOOK,0.31,Royal Caribbean Cruises,Compare Sailings And Dates,Call A Cruise Specialist
RC-p003-BOOK,p003--memorial-day,p003,/en/go/lines/royal-caribbean/,royal caribbean memorial day sale,"phrase (discovery, negatives applied)",110,BOOK-NOW,Brand-committed shopper; call must surface current sailings and price one,fwd-RC-p003-BOOK,0.31,Royal Caribbean Cruises,Compare Sailings And Dates,Call A Cruise Specialist
RC-npq-ship-oasis-of-the-seas-BOOK,npq-ship-oasis-of-the-seas--book,npq-ship-oasis-of-the-seas,/en/go/ships/oasis-of-the-seas/,oasis of the seas booking,exact,110,BOOK-NOW,Knows the ship; call must present its itineraries and price dates,fwd-RC-npq-ship-oasis-of-the-seas-BOOK,0.24,Oasis Of The Seas Cruises,Check Oasis Sailing Dates,Talk To A Cruise Specialist
RC-npq-ship-oasis-of-the-seas-BOOK,npq-ship-oasis-of-the-seas--book,npq-ship-oasis-of-the-seas,/en/go/ships/oasis-of-the-seas/,oasis of the seas booking,"phrase (discovery, negatives applied)",110,BOOK-NOW,Knows the ship; call must present its itineraries and price dates,fwd-RC-npq-ship-oasis-of-the-seas-BOOK,0.24,Oasis Of The Seas Cruises,Check Oasis Sailing Dates,Talk To A Cruise Specialist
RC-p003-BOOK,p003--wedding,p003,/en/go/lines/royal-caribbean/,royal caribbean wedding cost,exact,110,BOOK-NOW,Brand-committed shopper; call must surface current sailings and price one,fwd-RC-p003-BOOK,0.30,Royal Caribbean Cruises,Compare Sailings And Dates,Call A Cruise Specialist
RC-p003-BOOK,p003--wedding,p003,/en/go/lines/royal-caribbean/,royal caribbean wedding cost,"phrase (discovery, negatives applied)",110,BOOK-NOW,Brand-committed shopper; call must surface current sailings and price one,fwd-RC-p003-BOOK,0.30,Royal Caribbean Cruises,Compare Sailings And Dates,Call A Cruise Specialist
RC-p002-BOOK,p002--liberty,p002,/en/go/lines/royal-caribbean/from/galveston/,liberty of the seas galveston,exact,110,BOOK-NOW,"Knows line and departure port; call must present sailings, dates and cabin pricing",fwd-RC-p002-BOOK,0.22,Royal Caribbean From Galveston,Galveston Sailings And Dates,Talk To A Cruise Specialist
RC-p002-BOOK,p002--liberty,p002,/en/go/lines/royal-caribbean/from/galveston/,liberty of the seas galveston,"phrase (discovery, negatives applied)",110,BOOK-NOW,"Knows line and departure port; call must present sailings, dates and cabin pricing",fwd-RC-p002-BOOK,0.22,Royal Caribbean From Galveston,Galveston Sailings And Dates,Talk To A Cruise Specialist
RC-npq-rci-cape-liberty-BOOK,npq-rci-cape-liberty--bahamas,npq-rci-cape-liberty,/en/go/lines/royal-caribbean/from/cape-liberty/,royal caribbean cruise from new york to bahamas,exact,110,BOOK-NOW,"Knows line and departure port; call must present sailings, dates and cabin pricing",fwd-RC-npq-rci-cape-liberty-BOOK,0.20,Royal Caribbean From New York,New York Sailings And Dates,Talk To A Cruise Specialist
RC-npq-rci-cape-liberty-BOOK,npq-rci-cape-liberty--bahamas,npq-rci-cape-liberty,/en/go/lines/royal-caribbean/from/cape-liberty/,royal caribbean cruise from new york to bahamas,"phrase (discovery, negatives applied)",110,BOOK-NOW,"Knows line and departure port; call must present sailings, dates and cabin pricing",fwd-RC-npq-rci-cape-liberty-BOOK,0.20,Royal Caribbean From New York,New York Sailings And Dates,Talk To A Cruise Specialist
RC-npq-rci-miami-BOOK,npq-rci-miami--wonder,npq-rci-miami,/en/go/lines/royal-caribbean/from/miami/,wonder of the seas miami,exact,110,BOOK-NOW,"Knows line and departure port; call must present sailings, dates and cabin pricing",fwd-RC-npq-rci-miami-BOOK,0.30,Royal Caribbean From Miami,Miami Sailings And Dates,Talk To A Cruise Specialist
RC-npq-rci-miami-BOOK,npq-rci-miami--wonder,npq-rci-miami,/en/go/lines/royal-caribbean/from/miami/,wonder of the seas miami,"phrase (discovery, negatives applied)",110,BOOK-NOW,"Knows line and departure port; call must present sailings, dates and cabin pricing",fwd-RC-npq-rci-miami-BOOK,0.30,Royal Caribbean From Miami,Miami Sailings And Dates,Talk To A Cruise Specialist
